seg_id,time_to_failure
seg_63c8e4,9.488702774047852
seg_5f352e,2.523649215698242
seg_8fc754,5.7240190505981445
seg_f7290f,2.50976824760437
seg_2383c2,4.231950759887695
seg_3f3983,6.8290629386901855
seg_986976,4.467480182647705
seg_fb74f0,5.267822265625
seg_b80366,6.565687656402588
seg_3d6aac,5.279185771942139
seg_90ef18,8.405048370361328
seg_f02d32,5.321376323699951
seg_1969c8,5.3489298820495605
seg_d3d8fc,2.6367125511169434
seg_214492,1.7653732299804688
seg_55b566,2.0717644691467285
seg_c18d5a,2.7312698364257812
seg_a5271e,2.5026614665985107
seg_d41daa,5.984740257263184
seg_4e2c66,2.2394840717315674
seg_a7b454,2.4097084999084473
seg_bf1a72,2.9464447498321533
seg_ed7741,8.694198608398438
seg_75c34b,2.5822911262512207
seg_8baeab,2.7729759216308594
seg_63d651,2.5792624950408936
seg_d88da7,7.016518592834473
seg_655ad6,7.821197509765625
seg_588f61,2.745250701904297
seg_eabb2c,8.85777759552002
seg_151d92,3.2410404682159424
seg_81a8ea,7.7466535568237305
seg_71c9e9,2.3362748622894287
seg_038879,5.880670547485352
seg_ce5832,2.195896625518799
seg_6e5a38,1.6561567783355713
seg_82c138,5.504363536834717
seg_5ef47e,4.57418155670166
seg_39a886,4.514152526855469
seg_69787a,7.491705894470215
seg_561cf4,1.028290033340454
seg_5254ce,6.362339496612549
seg_f6c0cb,3.086519241333008
seg_92b095,1.9342594146728516
seg_1084af,4.483553886413574
seg_d36342,6.079263210296631
seg_58e9f9,8.029903411865234
seg_a99799,2.965606212615967
seg_5470ca,3.1157689094543457
seg_cf3825,2.3071980476379395
seg_4ce234,6.942587852478027
seg_4d5a4a,2.3825533390045166
seg_944c98,2.505812168121338
seg_ebe36c,2.1789400577545166
seg_aa98cc,0.2086600959300995
seg_8658b3,7.0391926765441895
seg_98c44d,3.1154236793518066
seg_d753f8,1.915611982345581
seg_0dfe8c,3.5707666873931885
seg_421a96,3.8058762550354004
seg_f5a6ab,7.464798927307129
seg_a39f3b,7.0810675621032715
seg_0b54ac,2.7061848640441895
seg_e2209b,3.028596878051758
seg_14c054,7.682653903961182
seg_d89369,2.290947675704956
seg_c24946,2.6225080490112305
seg_7ce9cb,4.011669635772705
seg_53d818,1.9509000778198242
seg_e90c0d,3.7278401851654053
seg_e3005e,2.6967196464538574
seg_9ad925,8.053817749023438
seg_dca2c2,7.693930149078369
seg_5445bc,2.1817641258239746
seg_7d2535,2.539642810821533
seg_a47cce,5.960987091064453
seg_9f042e,6.121720314025879
seg_9a812d,3.2286176681518555
seg_aaa2ae,2.9373950958251953
seg_7cef95,7.0397772789001465
seg_22e509,3.0144102573394775
seg_f6d51b,2.2701663970947266
seg_c52ae6,2.297808885574341
seg_20e9ad,2.6950137615203857
seg_fe5945,2.448310375213623
seg_15c9f9,2.3581430912017822
seg_a0979e,5.967174530029297
seg_b64c9c,7.1937713623046875
seg_941759,5.688158988952637
seg_1a8e06,2.6694579124450684
seg_b5aee9,2.9263434410095215
seg_ed7dee,3.1267356872558594
seg_86720f,5.932229518890381
seg_1e0b82,6.9617695808410645
seg_f6f683,3.949903964996338
seg_f67ce2,1.894698143005371
seg_7848f8,0.25333958864212036
seg_c243a6,1.1672699451446533
seg_e3b1f1,5.63163423538208
seg_55239a,2.755197763442993
seg_176542,6.284018039703369
seg_016913,1.7053437232971191
seg_f43ab6,1.5157725811004639
seg_aabc52,9.15707778930664
seg_f19f8e,6.919613361358643
seg_32906d,2.4197065830230713
seg_b42170,2.567323684692383
seg_931244,9.690202713012695
seg_44d3ca,2.469007968902588
seg_12b9ba,4.7551589012146
seg_36e32d,7.521541595458984
seg_1f3d44,5.4561309814453125
seg_3e87b4,0.5826878547668457
seg_607559,6.153870582580566
seg_04ae38,3.62872576713562
seg_c747ad,10.022424697875977
seg_20a990,2.341769218444824
seg_e66697,2.9429540634155273
seg_42c4c9,4.589488506317139
seg_c186dc,2.896756172180176
seg_3e55d5,2.355703592300415
seg_2e71dd,1.9783461093902588
seg_c41d1d,3.10555362701416
seg_e2c82c,2.7314035892486572
seg_f9eea3,5.20697546005249
seg_8b39c4,6.778014659881592
seg_e8a2c4,4.1653289794921875
seg_64be5d,8.1862211227417
seg_53103b,3.5619287490844727
seg_d062a6,10.271675109863281
seg_94d150,1.815509557723999
seg_ba0485,7.952718257904053
seg_996c37,8.017282485961914
seg_c5c6ea,3.4744679927825928
seg_b6bdaa,5.763341903686523
seg_01c775,5.897030353546143
seg_6a116b,3.628741502761841
seg_9ddc99,5.3789963722229
seg_25c8dc,4.44503116607666
seg_74ce61,7.359894275665283
seg_e8ce6a,3.0486817359924316
seg_9fd9b8,4.3082804679870605
seg_cd9f9b,6.421201229095459
seg_edecaa,3.831397771835327
seg_3bd97e,8.030957221984863
seg_3d059a,3.76049542427063
seg_b5804a,1.809429407119751
seg_572172,5.404249668121338
seg_563059,5.1308274269104
seg_d098df,5.636337757110596
seg_e09301,2.501692295074463
seg_2dc6ff,2.1611499786376953
seg_ea9d37,3.935527801513672
seg_a35c82,6.352330684661865
seg_7b2994,2.5871832370758057
seg_97d9ed,8.33218002319336
seg_6f60b2,3.3514206409454346
seg_1c4e72,3.812934398651123
seg_a99be9,9.077127456665039
seg_dc6e94,2.4589755535125732
seg_a2d47d,2.2863364219665527
seg_e7ac12,2.528547763824463
seg_c671f7,5.771815299987793
seg_95644e,4.024546146392822
seg_3edf51,2.2548224925994873
seg_9ab405,2.919919967651367
seg_1ef708,3.0815060138702393
seg_a56c04,4.536559104919434
seg_b7b098,2.7636654376983643
seg_890181,6.294334888458252
seg_b197e2,4.27198600769043
seg_39ad50,0.5778314471244812
seg_45b051,1.450103759765625
seg_3cba49,6.0305376052856445
seg_b52dac,3.500021457672119
seg_d37b05,6.479006290435791
seg_060ce4,2.779196262359619
seg_dc7e0d,2.2038192749023438
seg_468bc9,8.77054500579834
seg_58ea74,8.241893768310547
seg_d21eb6,6.016294479370117
seg_80211c,8.753070831298828
seg_4f48b4,1.8541970252990723
seg_ba3c47,3.111936569213867
seg_86cfe9,6.218855381011963
seg_709b6a,8.150069236755371
seg_d3f6b0,3.4447734355926514
seg_6b4e04,9.690972328186035
seg_8fb828,7.793335437774658
seg_e59dca,6.9543776512146
seg_21eebb,2.826678514480591
seg_03d63e,2.234142541885376
seg_f6659e,5.035963535308838
seg_7d2e57,6.2298583984375
seg_0775a7,2.4432613849639893
seg_9ee0aa,6.125421047210693
seg_5e635a,2.3516643047332764
seg_2db7dc,3.2014975547790527
seg_fad815,3.1231508255004883
seg_a0646a,1.7865524291992188
seg_4c067a,4.839163780212402
seg_91bf8c,1.535745620727539
seg_b3d886,2.5560131072998047
seg_fb8af5,2.433210611343384
seg_3ec967,2.8630800247192383
seg_5765b6,5.62320613861084
seg_3c64fb,5.907540798187256
seg_d59e4e,2.4988081455230713
seg_38ad16,8.421277046203613
seg_a82229,5.608004093170166
seg_a6c5cc,2.448559045791626
seg_d35e50,4.3310322761535645
seg_952faa,2.5401816368103027
seg_35dd45,9.762260437011719
seg_7f93b2,2.352426052093506
seg_929ded,4.373178482055664
seg_51b68c,8.0616455078125
seg_395e0e,8.498130798339844
seg_b6cb2b,3.508662223815918
seg_0b3b94,3.6097795963287354
seg_e6c973,5.795126438140869
seg_34a8f7,8.643868446350098
seg_31d763,3.868225336074829
seg_89d8a0,3.39064621925354
seg_dab0f9,4.953423976898193
seg_90a0be,2.211003541946411
seg_c9831a,0.6944559812545776
seg_1f7cf8,2.937734603881836
seg_ba3e74,2.381136655807495
seg_ca67ee,2.4581048488616943
seg_2c3203,2.142002582550049
seg_1fc7ab,3.5002546310424805
seg_ce7537,2.721653699874878
seg_f3c578,1.5073754787445068
seg_c9481f,4.659890174865723
seg_96642e,2.807089328765869
seg_9a74d8,4.739612102508545
seg_8f3dfe,3.321866512298584
seg_46c6d3,7.170272350311279
seg_a7e49b,5.060019016265869
seg_ff0f1b,2.3600525856018066
seg_78db0a,9.02439022064209
seg_75eb90,7.6932373046875
seg_d26f7d,8.860427856445312
seg_673c60,2.773214101791382
seg_67aa76,3.1438636779785156
seg_079e34,2.573218822479248
seg_84c7fb,4.061491012573242
seg_d795ab,5.240377902984619
seg_c94941,1.2955920696258545
seg_48b545,5.62321662902832
seg_016cdb,2.906484603881836
seg_dd780d,2.1111791133880615
seg_af6204,3.796008348464966
seg_f579ba,2.3606860637664795
seg_c22bd4,8.011177062988281
seg_476700,2.583657741546631
seg_ffe7cc,8.41312026977539
seg_e266f4,5.068402290344238
seg_0e4833,8.149016380310059
seg_b72413,6.8693060874938965
seg_99f76c,2.306931257247925
seg_580b65,6.246756076812744
seg_c6f9c2,3.328789472579956
seg_071067,2.259531021118164
seg_193404,8.267232894897461
seg_634f05,2.5185728073120117
seg_a53e4c,2.937152147293091
seg_304581,3.145831346511841
seg_bd2b0c,3.7866203784942627
seg_a6e801,1.5813179016113281
seg_3f80ef,2.966559410095215
seg_c365de,2.0148603916168213
seg_62c582,2.7888741493225098
seg_9626a4,2.9508438110351562
seg_71238c,7.929422378540039
seg_2977cd,2.9059598445892334
seg_9f6315,2.156630516052246
seg_f22163,8.156782150268555
seg_c5dada,3.881535053253174
seg_ba2c48,4.489279270172119
seg_75ffc9,6.076819896697998
seg_ada42c,2.644000768661499
seg_b31961,2.436163902282715
seg_73565e,3.1338298320770264
seg_259dd3,8.278033256530762
seg_60ab20,7.517778396606445
seg_4b4ffb,2.384158134460449
seg_063865,4.812174320220947
seg_4d2671,4.204403400421143
seg_a4e745,8.315641403198242
seg_d35274,2.292804002761841
seg_919c5c,2.4213266372680664
seg_0be6ee,2.942288875579834
seg_4fd191,2.459568977355957
seg_be811d,1.6982381343841553
seg_cb0e21,8.134420394897461
seg_dff078,3.113330364227295
seg_eb32bc,2.8079538345336914
seg_a68007,2.702791690826416
seg_2f60db,8.445813179016113
seg_ef779d,2.9622340202331543
seg_2a0dc0,7.554832458496094
seg_911066,2.0061798095703125
seg_9b7ef8,8.603267669677734
seg_41be7d,3.9320878982543945
seg_31631c,6.17138147354126
seg_fdff11,0.6571807861328125
seg_d1abaa,9.467232704162598
seg_8785e2,4.732059001922607
seg_4eef28,7.494142532348633
seg_241266,1.912215232849121
seg_1cd352,3.845176935195923
seg_cf646e,3.98484206199646
seg_613702,2.9130070209503174
seg_c11a4f,1.8761789798736572
seg_3bb90a,2.8201396465301514
seg_8dd3ba,2.4409451484680176
seg_dcd9df,2.6061360836029053
seg_492dc6,2.7142486572265625
seg_24157a,5.728584289550781
seg_ab001b,3.7578890323638916
seg_61b50d,2.365920066833496
seg_652cc2,2.719038963317871
seg_54d0f3,2.7067201137542725
seg_0536c9,2.818920850753784
seg_af2472,3.507131338119507
seg_6e1ee7,5.825035572052002
seg_de3d5e,2.5352935791015625
seg_f679c6,7.5238213539123535
seg_7b3017,7.2068305015563965
seg_961d02,1.7715907096862793
seg_d0f803,2.830531120300293
seg_35c587,4.035588264465332
seg_49d84b,4.743011951446533
seg_f93ce5,1.8518390655517578
seg_63c13d,4.293103218078613
seg_f30f0c,6.401121616363525
seg_c0260d,5.463858604431152
seg_47d374,2.7501754760742188
seg_7d88e3,7.638046741485596
seg_d24095,7.091805458068848
seg_857304,2.2941434383392334
seg_c2b8f7,4.349990367889404
seg_8d135f,5.883113384246826
seg_3319b5,7.596759796142578
seg_f21a22,3.3337323665618896
seg_2e2372,5.153428077697754
seg_1a8f2c,5.598444938659668
seg_2d7cc4,2.256356954574585
seg_514543,2.88663911819458
seg_758374,2.0194568634033203
seg_cc667b,2.7008602619171143
seg_56ebc7,2.526059150695801
seg_c65135,1.8273546695709229
seg_c714d0,10.2620849609375
seg_bb5e15,2.3750901222229004
seg_03d680,6.468681335449219
seg_0cca14,2.9033262729644775
seg_f073e2,4.26927375793457
seg_7fac26,7.7719621658325195
seg_87e4e8,1.1724035739898682
seg_500c80,5.010751724243164
seg_5009d9,2.5129148960113525
seg_e5b510,2.768587350845337
seg_f2a20d,2.8392422199249268
seg_703cea,5.2820725440979
seg_35a2d7,9.697064399719238
seg_64f8dc,3.109973907470703
seg_4a9e6b,5.9440836906433105
seg_2f4f14,2.6319997310638428
seg_6b9511,6.776154518127441
seg_1f9aed,3.23343563079834
seg_afa4a1,7.42064094543457
seg_3d9aa0,3.3318064212799072
seg_634180,2.9012622833251953
seg_3e00cd,9.065057754516602
seg_05b66a,8.272382736206055
seg_a2e2c8,4.376699447631836
seg_64daae,2.3956987857818604
seg_76f1af,2.9109086990356445
seg_65c4e1,4.843470573425293
seg_8bde47,7.054137229919434
seg_1b08a4,3.2825355529785156
seg_686edc,5.371762752532959
seg_430e66,5.997298717498779
seg_622e9d,1.9369192123413086
seg_bbf805,2.7355003356933594
seg_30661b,2.5563039779663086
seg_24458d,4.868218898773193
seg_9f4fd4,8.347453117370605
seg_b13fb9,5.28496789932251
seg_8c1e7d,2.2172961235046387
seg_1cf1b5,2.250325918197632
seg_d63175,4.269999980926514
seg_3506d6,3.043999195098877
seg_6ac82a,3.114356517791748
seg_830cff,2.8051581382751465
seg_4f76a2,3.6830384731292725
seg_fb9491,2.636300563812256
seg_1e0523,2.049379825592041
seg_3fb24b,3.5785865783691406
seg_a96b47,2.222456455230713
seg_abc5fd,6.221350193023682
seg_1f5240,2.7821290493011475
seg_13468a,4.674777507781982
seg_d9dab4,7.771289825439453
seg_de8180,2.452573776245117
seg_310230,3.197000503540039
seg_31a6cd,2.6601598262786865
seg_2ece02,2.567570209503174
seg_727fc7,2.299412488937378
seg_77c546,2.322002410888672
seg_d661ce,2.2072548866271973
seg_99ccbd,2.132457971572876
seg_c5f986,2.8825924396514893
seg_c654e7,3.499569892883301
seg_9d68cf,2.268503189086914
seg_804fb5,3.711554527282715
seg_86d847,8.908287048339844
seg_d9ce67,2.0302376747131348
seg_725772,7.617217540740967
seg_dd0b11,2.2510433197021484
seg_1e572b,8.066511154174805
seg_9ae1a1,9.11474609375
seg_705463,3.5672144889831543
seg_468fdb,4.103412628173828
seg_e9aa44,8.326111793518066
seg_c44bbc,2.6193296909332275
seg_92af10,7.5886077880859375
seg_b4c040,1.9742786884307861
seg_64be91,7.757740020751953
seg_6b9d02,2.539752244949341
seg_09ed4e,9.263367652893066
seg_7c6c31,6.463805198669434
seg_e5c033,4.000316143035889
seg_272a47,1.4154160022735596
seg_b0f9cd,5.72003173828125
seg_9d3013,7.3091816902160645
seg_f86c41,2.625202178955078
seg_f6e1ca,4.379975318908691
seg_4d0c45,4.047014236450195
seg_b8141c,1.78810715675354
seg_b695b3,2.722290515899658
seg_b402ac,4.322512149810791
seg_bf2d1f,9.514921188354492
seg_4cb0d7,5.415476322174072
seg_cc4199,8.476580619812012
seg_95f45e,6.919942378997803
seg_88b289,10.113534927368164
seg_c901c0,2.634620189666748
seg_14d1d3,3.769824981689453
seg_57ea44,2.378451347351074
seg_83f476,3.589840888977051
seg_635770,7.0003485679626465
seg_fa6383,3.3483526706695557
seg_f66db1,5.680563926696777
seg_e86f77,1.904871940612793
seg_c81e10,5.888138294219971
seg_4ea3fa,5.02383279800415
seg_117ff4,2.8546929359436035
seg_76d16c,6.120785236358643
seg_7df3dd,4.19745397567749
seg_ee7224,4.060387134552002
seg_760d70,3.4476709365844727
seg_60df2a,6.099372863769531
seg_ac68bb,3.2757766246795654
seg_c3836b,2.323190689086914
seg_4b953a,2.229201555252075
seg_f6f523,1.7365946769714355
seg_6b0107,5.71187686920166
seg_c2a0c8,3.5249221324920654
seg_9d57a1,5.826833248138428
seg_8777bd,9.2383394241333
seg_a1edc1,2.776998996734619
seg_fedbd1,7.711714744567871
seg_0339ca,3.764469623565674
seg_581fac,1.9149198532104492
seg_fa488e,2.3162834644317627
seg_284923,9.72568130493164
seg_db3fbe,8.942946434020996
seg_35ba8f,8.771123886108398
seg_658bf4,1.677664041519165
seg_5abfdd,2.587749481201172
seg_9ca72e,2.365534782409668
seg_790108,3.678072929382324
seg_5467c8,6.522617816925049
seg_ad3a44,2.306691884994507
seg_dd699c,1.8847122192382812
seg_2cac57,7.945435523986816
seg_54490e,7.687260627746582
seg_7b5f90,6.073776721954346
seg_dbbb44,4.357240200042725
seg_66e45a,3.478837013244629
seg_ceb942,2.95845890045166
seg_d36681,7.846461772918701
seg_cbfb19,6.31375789642334
seg_3ce740,8.159258842468262
seg_d86eb6,2.718343496322632
seg_87a67a,5.356485366821289
seg_fa796b,2.7045202255249023
seg_161f5f,3.6135382652282715
seg_57908c,2.3919789791107178
seg_c0d7da,2.5395655632019043
seg_8d030a,4.236941337585449
seg_08b136,5.875049591064453
seg_7c9433,3.140219211578369
seg_c5dee4,1.3118433952331543
seg_78d817,2.810558319091797
seg_70edf5,4.76001501083374
seg_97a161,4.0208635330200195
seg_de9e32,8.468432426452637
seg_0012b5,3.319766044616699
seg_52c139,9.351490020751953
seg_6f17de,0.9874946475028992
seg_5559d9,1.903526782989502
seg_ac9de5,3.482463836669922
seg_72aba8,3.981285333633423
seg_8509db,5.061345100402832
seg_be4612,7.497476100921631
seg_d36055,7.606430530548096
seg_5e8ef4,6.712037563323975
seg_3d06cc,6.579797267913818
seg_836ef0,2.533513307571411
seg_6262c4,7.23964262008667
seg_0c74cf,1.5191209316253662
seg_502fab,7.344684600830078
seg_efc5fb,8.029108047485352
seg_154361,6.22398567199707
seg_3b2013,0.8352515697479248
seg_010eab,6.444159030914307
seg_01ecb0,2.2186498641967773
seg_a16a1b,3.419163942337036
seg_14f5f0,5.371506690979004
seg_d2f588,9.250815391540527
seg_ba5e7e,2.041715145111084
seg_5311d1,1.3742413520812988
seg_025e78,3.3317999839782715
seg_bb2d77,2.986877202987671
seg_e217fc,4.822081565856934
seg_280863,2.81947660446167
seg_9872f9,3.003020763397217
seg_c26fb4,1.7413005828857422
seg_f322b1,6.277015686035156
seg_6f650f,7.999937057495117
seg_a88dde,6.572010517120361
seg_517425,2.3037350177764893
seg_114b79,2.982835292816162
seg_fd19b8,9.071292877197266
seg_cf25d2,3.2803244590759277
seg_e50f16,8.37574291229248
seg_8fd465,2.0144455432891846
seg_a1d8da,4.150627613067627
seg_74d8cc,3.1398754119873047
seg_6ed49a,7.02211332321167
seg_073696,8.195785522460938
seg_5ed47e,8.255203247070312
seg_a6cd86,4.053477764129639
seg_4ad674,2.3676226139068604
seg_a03e6a,2.417080879211426
seg_6fd5bb,5.8024091720581055
seg_87a616,2.1727163791656494
seg_e30ef5,2.323014736175537
seg_065588,2.4379563331604004
seg_735cdd,3.633413314819336
seg_136695,5.586571216583252
seg_34a2b8,3.3357980251312256
seg_e9df42,7.9679951667785645
seg_ae3388,6.393125057220459
seg_bcc8f1,2.6136815547943115
seg_383b6b,3.0729379653930664
seg_b95a77,8.629318237304688
seg_0bc877,3.9336209297180176
seg_9fe8b9,6.0355682373046875
seg_b91011,4.653012752532959
seg_7189ca,6.088724613189697
seg_08fd5b,4.790185451507568
seg_218049,2.363320827484131
seg_7efdd5,5.699949264526367
seg_86e874,2.150686025619507
seg_d7ab50,4.379124164581299
seg_fa34c7,7.0034565925598145
seg_38001b,1.62776517868042
seg_7c0376,2.6683411598205566
seg_14c371,8.126049041748047
seg_e27c0a,2.494723320007324
seg_616c8b,9.677970886230469
seg_180481,5.273037433624268
seg_9c8162,4.023192882537842
seg_f48db9,2.660243511199951
seg_ed52ac,7.46199893951416
seg_49336f,2.1532950401306152
seg_4abc29,2.724424362182617
seg_3d581c,2.2698867321014404
seg_3c8545,3.1207618713378906
seg_e481c7,6.402266025543213
seg_ec973c,9.041851043701172
seg_d3f967,2.725562810897827
seg_482745,2.2725329399108887
seg_b32d1d,3.703568458557129
seg_4c18e2,2.963257074356079
seg_2642d4,4.121840476989746
seg_bf4bf2,1.8441519737243652
seg_a8e6df,5.511899948120117
seg_ef24bd,3.2079267501831055
seg_0b082e,7.172204971313477
seg_71b4e0,4.376151084899902
seg_e877a5,3.0999646186828613
seg_e30e44,2.355379819869995
seg_81f798,2.714615821838379
seg_9c6715,1.863337516784668
seg_6eedcc,7.567057132720947
seg_cf9a49,3.88923978805542
seg_23f823,2.9195995330810547
seg_4f83a3,7.402779579162598
seg_136285,3.231966972351074
seg_11860f,3.6336958408355713
seg_a2c108,7.575897693634033
seg_90bf60,9.115615844726562
seg_6ae32d,2.6464810371398926
seg_ceab44,7.548926830291748
seg_f6abc5,8.393264770507812
seg_c3f672,7.7246413230896
seg_5975f4,3.00077748298645
seg_f6a217,3.067497968673706
seg_373ba6,2.3517911434173584
seg_0dc38f,2.745776891708374
seg_e9e65b,7.2348809242248535
seg_bfe0b6,9.31305980682373
seg_db90c0,2.4579505920410156
seg_63c518,2.0644149780273438
seg_91596c,6.581961154937744
seg_c8459f,7.370722770690918
seg_961ddf,2.2463607788085938
seg_2d92f0,9.794419288635254
seg_295b1c,7.240753650665283
seg_b63de1,1.6616535186767578
seg_75654d,2.764516592025757
seg_2b372b,2.656416416168213
seg_8c0114,2.955156087875366
seg_b86ce1,2.500330924987793
seg_5cd98b,2.1187210083007812
seg_1b2298,6.668334484100342
seg_750e7e,6.517673492431641
seg_efd9ec,8.436219215393066
seg_774ad2,2.5813019275665283
seg_8fb29e,8.419605255126953
seg_18d1d0,2.254610061645508
seg_9a43ef,8.2675142288208
seg_885f53,5.094696998596191
seg_a437cb,3.2648494243621826
seg_8599ec,2.071669101715088
seg_d9352b,5.221689701080322
seg_e81b50,3.766725540161133
seg_08f441,1.782567024230957
seg_204dc6,4.023146152496338
seg_34ef79,5.803628921508789
seg_00f3b9,1.7748870849609375
seg_e5e238,2.9928693771362305
seg_ff2f2d,3.0513858795166016
seg_bb92b1,3.815329074859619
seg_b3cf21,2.695341110229492
seg_d014a3,8.224571228027344
seg_6951e0,2.4172189235687256
seg_d2db6b,2.8122847080230713
seg_2eccb9,2.8622677326202393
seg_cc4950,2.377579689025879
seg_342ce6,7.2899627685546875
seg_b1a35c,5.821549415588379
seg_9b7f93,4.526486396789551
seg_bee792,2.786968231201172
seg_2e9a47,5.387635231018066
seg_df0df7,5.310689926147461
seg_85fb0a,2.0166122913360596
seg_8be76c,1.1032724380493164
seg_dd8805,5.16283655166626
seg_51f6fd,2.915470838546753
seg_812962,2.5458216667175293
seg_5cfba9,7.2893242835998535
seg_ca9e39,3.362577199935913
seg_f9e4f2,8.059553146362305
seg_d42c77,6.537993431091309
seg_81c1a6,8.851420402526855
seg_545fda,7.764967918395996
seg_217eed,1.8166494369506836
seg_ac5c61,8.021084785461426
seg_da8b88,4.769998550415039
seg_e41fc9,3.1443943977355957
seg_cc4932,8.081717491149902
seg_9c635d,8.981986999511719
seg_878d2c,8.161333084106445
seg_7540f3,5.041313648223877
seg_85762d,5.178098678588867
seg_428d66,2.258733034133911
seg_00e5f7,5.039645671844482
seg_d508db,3.758260726928711
seg_715ff6,7.4181132316589355
seg_20cbac,2.481311798095703
seg_708349,7.863097667694092
seg_373a04,5.374988079071045
seg_0d13a7,3.3289170265197754
seg_ee87e2,2.676888942718506
seg_2abd33,4.414661407470703
seg_512b3e,8.024937629699707
seg_946d71,8.108535766601562
seg_812a50,3.428199529647827
seg_36b77f,8.18112850189209
seg_8344ee,2.458968162536621
seg_fb76ca,4.363426685333252
seg_0a45a1,1.6855049133300781
seg_b108c9,2.300964832305908
seg_610379,2.598006010055542
seg_59cfdb,8.313429832458496
seg_8dcf3c,7.80642032623291
seg_103b32,3.6261773109436035
seg_32d747,2.273026704788208
seg_84a65d,7.78758430480957
seg_43c6f4,7.202291965484619
seg_e7ced6,7.434309959411621
seg_f96d5a,6.1597747802734375
seg_12ac20,8.76708984375
seg_9c00d7,7.9205803871154785
seg_d9750c,3.2094075679779053
seg_92be9f,2.6974539756774902
seg_0aa0fb,5.728908538818359
seg_6be48e,2.358407735824585
seg_e54932,7.029322624206543
seg_864fcf,1.5825881958007812
seg_bb6904,2.9701907634735107
seg_e10d3b,6.471057891845703
seg_6e7f73,9.038366317749023
seg_eca2eb,3.6274163722991943
seg_524b39,5.014165878295898
seg_e37b8e,3.707227945327759
seg_509d55,2.2576799392700195
seg_d85e2e,2.832188129425049
seg_57dd68,8.155271530151367
seg_287e60,2.311917543411255
seg_1a0e94,8.552135467529297
seg_d5f344,4.498605728149414
seg_7a09ec,4.925296783447266
seg_1fe311,7.607264995574951
seg_aee9bf,2.4112045764923096
seg_e4c15a,3.731966018676758
seg_552b8e,9.411035537719727
seg_b36c8a,2.957817792892456
seg_461ab5,1.5775904655456543
seg_6c8a45,2.688626289367676
seg_aa1adf,2.867218255996704
seg_2700bd,2.64559006690979
seg_b291c0,2.259629964828491
seg_750c93,1.8415281772613525
seg_65fbac,7.812817096710205
seg_e6e24e,4.473683834075928
seg_32f6df,3.223475217819214
seg_81c432,2.65968918800354
seg_27a282,3.4995787143707275
seg_590fa5,4.711065769195557
seg_67330f,2.978912353515625
seg_b9d8a0,5.492403507232666
seg_730ebe,1.868791103363037
seg_b89218,7.728183269500732
seg_0f565c,2.4532418251037598
seg_a39ebc,3.3484764099121094
seg_9a81a3,5.482241153717041
seg_5f0a92,2.758981704711914
seg_5f24d3,6.8892130851745605
seg_6cfb76,3.0310592651367188
seg_2a0afc,4.473944187164307
seg_741fc1,6.662250995635986
seg_11647f,0.8616750836372375
seg_004314,0.7234421968460083
seg_208ba5,2.6914143562316895
seg_29d497,4.9979352951049805
seg_b8fd73,9.597854614257812
seg_899bf0,2.798687696456909
seg_24e071,2.7002267837524414
seg_caa919,3.4689583778381348
seg_e0f296,6.972417831420898
seg_5e020f,3.8828160762786865
seg_36147d,2.0590014457702637
seg_5165a4,5.886706829071045
seg_94c48c,6.418949604034424
seg_aee7c0,6.886905193328857
seg_77f9e3,2.8270788192749023
seg_934087,1.8031959533691406
seg_83f89e,6.385373592376709
seg_746d1d,3.1694517135620117
seg_32fc4e,9.155206680297852
seg_530a02,7.7920331954956055
seg_b02e31,6.697335243225098
seg_bbfd4e,7.351386547088623
seg_b58542,2.9511146545410156
seg_5bdb47,2.075470209121704
seg_004ee5,2.6242692470550537
seg_ce72e2,2.221996545791626
seg_2be983,9.710881233215332
seg_b1b95e,3.5676419734954834
seg_6de935,9.89993953704834
seg_27de37,4.697849750518799
seg_b4f7a8,4.405917644500732
seg_cec2f2,3.8524093627929688
seg_ef644a,4.455312728881836
seg_d40bb2,7.795243263244629
seg_1ae362,5.399189472198486
seg_fd6340,3.287168502807617
seg_586726,4.086054801940918
seg_c0ea9f,4.260138511657715
seg_b2e045,2.927129030227661
seg_27ff17,3.00154185295105
seg_e8b2b3,5.422779083251953
seg_edda79,6.516287326812744
seg_0ebfd9,4.822535514831543
seg_32f72d,4.706193923950195
seg_6dac5d,9.230576515197754
seg_c20c06,2.1318562030792236
seg_6968c8,3.6053805351257324
seg_b8745c,8.141185760498047
seg_96cd5d,2.791841506958008
seg_bf1430,4.769105434417725
seg_82ce27,2.433657646179199
seg_2bcbde,9.859111785888672
seg_58e74b,1.991211175918579
seg_00c35b,7.539206027984619
seg_ecf28d,6.909872055053711
seg_2a0ace,9.601553916931152
seg_414d0f,4.441244602203369
seg_d5b100,2.1582155227661133
seg_aa9b8e,5.562505722045898
seg_7c2c48,2.5998730659484863
seg_377134,2.618868350982666
seg_b9de03,3.1444969177246094
seg_1e61d6,2.043566942214966
seg_14c89d,3.344712018966675
seg_1da819,2.218484878540039
seg_90c258,9.918791770935059
seg_591954,7.7820329666137695
seg_1f3ede,1.6789517402648926
seg_23fe27,6.812307357788086
seg_5f46a5,6.545764923095703
seg_ca44a8,3.379781723022461
seg_5965d8,2.46427845954895
seg_293dc2,2.255084753036499
seg_41a267,5.918277740478516
seg_c05a7d,7.713683128356934
seg_97ad82,5.145139694213867
seg_740837,5.099812984466553
seg_e0c329,3.0239145755767822
seg_70a60e,3.5596776008605957
seg_e48c23,4.917238712310791
seg_c27591,3.051278591156006
seg_4e0c4a,8.739477157592773
seg_bd7109,2.9655075073242188
seg_f639cd,7.754732608795166
seg_496dad,2.018544912338257
seg_f865be,2.5760538578033447
seg_a63573,5.113494873046875
seg_bd00c4,3.1449127197265625
seg_4e9646,5.935684680938721
seg_0d0250,2.326310873031616
seg_fb11ba,6.017927646636963
seg_fd374e,3.199557065963745
seg_c5fc87,3.3792686462402344
seg_7fa6ec,0.17740541696548462
seg_0b9ad8,5.154621601104736
seg_f2ae5e,3.9091544151306152
seg_dc5e63,4.651298522949219
seg_53bdf5,6.852605819702148
seg_31d7bf,2.3175203800201416
seg_b51380,8.977618217468262
seg_179d90,7.593177795410156
seg_3065ba,2.409489154815674
seg_146926,8.258231163024902
seg_4c3a2b,4.733834266662598
seg_650de2,1.7263383865356445
seg_ad591c,6.105534553527832
seg_f5a4ee,8.315275192260742
seg_620ee4,3.1244449615478516
seg_0b32f7,2.963017463684082
seg_c6f533,2.3521535396575928
seg_3f2086,8.098913192749023
seg_ea098b,6.925503730773926
seg_1827c5,8.362919807434082
seg_d0f262,3.3883373737335205
seg_957ece,1.08000910282135
seg_f69c38,2.4024739265441895
seg_1e617a,1.8846557140350342
seg_a5fbcc,2.868889331817627
seg_091c9d,8.271638870239258
seg_9f57c4,5.851408004760742
seg_226e60,7.1180806159973145
seg_006e4a,3.4537429809570312
seg_807901,2.0928425788879395
seg_4d0008,3.3475916385650635
seg_afca81,3.057152509689331
seg_f6cfd4,7.513162136077881
seg_ea096b,7.820481777191162
seg_05a4ad,7.654526710510254
seg_2f86cd,0.5110511183738708
seg_bf1294,1.4451286792755127
seg_7630c5,7.9641313552856445
seg_cd0691,2.2775681018829346
seg_b378bc,2.6777846813201904
seg_e9272e,3.0640435218811035
seg_970e86,8.907323837280273
seg_3b30fd,7.280481338500977
seg_93211c,6.795589447021484
seg_4eb127,0.5925610661506653
seg_5ad847,2.860295295715332
seg_533613,8.43101692199707
seg_ae32a6,4.610291957855225
seg_0879a8,7.038620471954346
seg_2dcd3a,3.176848888397217
seg_5cde88,1.824984073638916
seg_cc7e39,6.402434349060059
seg_aa78e0,3.9612975120544434
seg_420d4e,6.527078628540039
seg_037461,1.9148907661437988
seg_eb1d6e,2.2786436080932617
seg_b26368,3.239365577697754
seg_d31583,7.874282360076904
seg_876904,3.9637036323547363
seg_32e763,1.9543673992156982
seg_ecdca4,2.324605703353882
seg_5bd9ae,4.90192985534668
seg_2aa101,3.557694911956787
seg_8ae847,2.677189350128174
seg_ab15ad,3.2519233226776123
seg_3340b9,2.4365715980529785
seg_fb1f5c,7.997165203094482
seg_739643,7.282468318939209
seg_643d1f,4.347258567810059
seg_b80b89,3.546175003051758
seg_f931de,5.164509296417236
seg_6fc3ef,9.016191482543945
seg_9d79d4,2.7508671283721924
seg_511d25,6.492774486541748
seg_750244,6.843087196350098
seg_26049e,9.034808158874512
seg_eaa0ec,5.96166467666626
seg_5090fa,6.5687994956970215
seg_a68ffb,5.783001899719238
seg_3b4414,2.264263153076172
seg_9757ac,7.944742679595947
seg_f43730,4.714550971984863
seg_db3446,7.209897518157959
seg_d146a6,1.5002825260162354
seg_68da94,2.7174806594848633
seg_80b9b4,3.9815194606781006
seg_5bc0b0,7.655996322631836
seg_d19980,6.905515193939209
seg_c607eb,1.6556077003479004
seg_72ebda,5.476943492889404
seg_086a61,6.833600997924805
seg_ab3f14,7.509780406951904
seg_e1468f,8.13318157196045
seg_1ebe6b,2.278033494949341
seg_e40348,3.2279746532440186
seg_a6bf91,5.245306968688965
seg_166f70,8.169001579284668
seg_b3883e,2.9637279510498047
seg_e5f9ec,5.765035629272461
seg_9dcae1,5.345279216766357
seg_9f22a0,8.104458808898926
seg_f59974,8.09339714050293
seg_c12d7d,8.189252853393555
seg_fcd32e,4.719908714294434
seg_4a9e8d,7.423278331756592
seg_496d07,3.08017897605896
seg_09dd59,4.329473972320557
seg_f4d644,2.4043214321136475
seg_456149,7.807965278625488
seg_a6e99c,2.8222739696502686
seg_c21d60,3.5245449542999268
seg_77ea14,1.9952120780944824
seg_ed7f69,2.6498866081237793
seg_9bd388,6.481690883636475
seg_b51b7c,4.687088966369629
seg_fdd50e,0.7802001237869263
seg_f70b66,2.6509361267089844
seg_0d540e,3.0293660163879395
seg_7d994f,2.2719171047210693
seg_2f9581,1.9729259014129639
seg_e0ce38,3.770059108734131
seg_26cba3,2.6683340072631836
seg_f0574b,4.396601676940918
seg_27b7c8,6.418430328369141
seg_cff594,2.1748619079589844
seg_7f786b,3.640486001968384
seg_a5f4dd,4.010807991027832
seg_98be13,3.632087230682373
seg_1c4c5b,5.823082447052002
seg_8c341c,6.712827682495117
seg_0b48c4,3.1451613903045654
seg_7cd6b1,3.946901321411133
seg_907c52,2.64558744430542
seg_f21bf4,5.785282611846924
seg_2e917f,4.563915252685547
seg_a1b3cc,3.024167776107788
seg_fe73b1,7.466404914855957
seg_34abd2,2.676607608795166
seg_4ba3d1,6.378180503845215
seg_5e668a,7.842404842376709
seg_6dfab7,2.6784262657165527
seg_d668c0,6.983449459075928
seg_447b8b,8.868967056274414
seg_5e7abf,1.6835861206054688
seg_9a7c46,3.003309965133667
seg_5924f5,4.70407247543335
seg_284223,4.038790225982666
seg_f5e682,2.07658314704895
seg_ca8389,2.5772545337677
seg_3d1cb3,3.878141403198242
seg_0dcc40,5.470318794250488
seg_18f633,2.5191497802734375
seg_b9361a,4.094844341278076
seg_0bb5fd,4.98159122467041
seg_f165f6,3.36698579788208
seg_abb06a,5.0264458656311035
seg_441c6d,7.368628978729248
seg_670bde,2.006779909133911
seg_d21066,2.763606071472168
seg_2a4551,6.061417102813721
seg_76c2fa,2.7961483001708984
seg_dcfb4b,7.7372260093688965
seg_0b4b24,1.4901692867279053
seg_5cfdc4,6.032659530639648
seg_5a242e,5.116918087005615
seg_546864,7.78089714050293
seg_dad4f2,4.890681266784668
seg_70fb30,9.258818626403809
seg_d0c280,1.6553325653076172
seg_b253ee,2.5017476081848145
seg_555f63,2.9354493618011475
seg_b686e5,0.7374770641326904
seg_d32f71,2.2975499629974365
seg_d1cb37,8.307403564453125
seg_ac45ae,6.536139965057373
seg_5d94b2,3.6466314792633057
seg_ce46ba,1.755647897720337
seg_655cae,2.1772568225860596
seg_c146a8,5.032221794128418
seg_07cd72,4.686184406280518
seg_97e4a9,7.598452091217041
seg_31c0f4,8.772473335266113
seg_bdf84b,4.217433452606201
seg_818382,3.5762507915496826
seg_6d36a1,7.555115222930908
seg_efb639,6.839540004730225
seg_25cca7,6.602172374725342
seg_63130f,8.652212142944336
seg_24f338,4.2427215576171875
seg_ae9626,2.2937002182006836
seg_5d92af,6.9065046310424805
seg_c5064e,7.913944244384766
seg_f2f5a3,2.0351223945617676
seg_3ba485,9.594568252563477
seg_9bee43,1.7018117904663086
seg_3ae4d9,2.411541700363159
seg_d320f5,4.174937725067139
seg_0c247b,5.452884197235107
seg_88a81d,3.0644819736480713
seg_105cd9,2.2970728874206543
seg_ec0e7b,4.695257663726807
seg_8d6578,2.5936458110809326
seg_5495ca,1.8084158897399902
seg_a489e1,6.148761749267578
seg_8a7201,2.943953037261963
seg_ecaef0,4.05839204788208
seg_743775,4.794003963470459
seg_c267a5,2.21579647064209
seg_478327,4.457376956939697
seg_816b7a,2.053558826446533
seg_c70fde,6.160408973693848
seg_517345,5.7030487060546875
seg_d90c5f,2.7163846492767334
seg_3c4106,3.119610071182251
seg_61f504,2.7153258323669434
seg_df352f,2.818629264831543
seg_ab4bca,1.9434938430786133
seg_77e7bf,2.7964470386505127
seg_004cd2,6.391716480255127
seg_9d7490,2.789199113845825
seg_f7de40,7.308143138885498
seg_0165c6,7.6665754318237305
seg_20b8d0,5.351983070373535
seg_8e7194,4.184072017669678
seg_10c09d,7.739176273345947
seg_5bfbf0,2.7407708168029785
seg_94aa0a,5.367326259613037
seg_0e3ed2,2.188124179840088
seg_6a4ad1,7.074461460113525
seg_e05de2,2.099376678466797
seg_7aeca4,7.520190715789795
seg_a420d4,3.1605451107025146
seg_54b0ee,6.271589756011963
seg_72b68c,8.132914543151855
seg_ad949a,2.5398037433624268
seg_7c2beb,7.0218729972839355
seg_df8385,2.9393839836120605
seg_287fef,2.600385904312134
seg_fde767,5.171236515045166
seg_967ae4,7.367879867553711
seg_e197b8,2.7089321613311768
seg_d398df,3.5400311946868896
seg_4185b3,2.901449203491211
seg_e0cfd4,6.40864896774292
seg_0b76f5,9.32437515258789
seg_0dae4b,2.3173041343688965
seg_16566c,4.891085147857666
seg_339f80,4.219019412994385
seg_7862ed,2.8029608726501465
seg_170a0c,7.1271071434021
seg_c46ce6,2.2383742332458496
seg_0d6d68,3.1088531017303467
seg_6c34c2,2.24398136138916
seg_0a0fbb,8.610977172851562
seg_29acb7,2.0660054683685303
seg_4b8044,3.101470708847046
seg_71f571,3.829050064086914
seg_8db6f0,6.235771656036377
seg_f5406b,2.3167600631713867
seg_b8725b,1.9501664638519287
seg_750d20,5.50394344329834
seg_8dfc7e,3.3133721351623535
seg_397983,6.91766881942749
seg_c01d9a,8.125920295715332
seg_c73df6,2.840855836868286
seg_755d50,2.5477609634399414
seg_cee7d0,7.659943580627441
seg_330579,3.070901393890381
seg_0042cc,4.228474140167236
seg_f83d28,2.729154586791992
seg_a99161,3.853407382965088
seg_df45b0,5.845304012298584
seg_268956,2.5329208374023438
seg_986b6e,7.843207359313965
seg_d6b386,8.808998107910156
seg_4acc4b,2.844867706298828
seg_d9a2bb,2.5412001609802246
seg_7eb108,8.503379821777344
seg_7949da,1.731250524520874
seg_74b264,2.0265052318573
seg_1d596d,2.4356706142425537
seg_d07c62,2.1329689025878906
seg_932828,8.02662467956543
seg_8d4965,4.265564918518066
seg_0e9987,2.3047990798950195
seg_59cd7d,2.4086408615112305
seg_d07ce8,8.886103630065918
seg_62a403,9.037996292114258
seg_4ae712,9.69714641571045
seg_41ab7e,6.418309211730957
seg_a1e5b0,7.677304267883301
seg_2dccec,2.8411800861358643
seg_75cd6a,2.4366791248321533
seg_ae42b3,8.577380180358887
seg_061a33,5.880352020263672
seg_683ddf,3.8981680870056152
seg_35b753,3.79990816116333
seg_05bef4,2.316957473754883
seg_71348a,1.6496636867523193
seg_bb6fcb,4.71340274810791
seg_3128e6,2.96834659576416
seg_c42490,2.750645160675049
seg_eebbc2,4.382569789886475
seg_76f76d,3.2774899005889893
seg_2f8e19,8.011514663696289
seg_b735a5,6.578484535217285
seg_2d427f,0.9299364686012268
seg_8d4435,3.155183792114258
seg_709d08,4.0875325202941895
seg_50b048,5.425039768218994
seg_7ebdc3,2.501636028289795
seg_6b2ce0,4.847177028656006
seg_c5fc3b,7.397845268249512
seg_a9089b,1.0954816341400146
seg_f734c8,7.003180027008057
seg_1c401b,6.56139612197876
seg_a25c46,2.591902494430542
seg_69dbad,5.369117736816406
seg_a31fe3,7.278347015380859
seg_a8e71a,2.4118781089782715
seg_ff7478,3.9284377098083496
seg_ef47c4,7.87310266494751
seg_15bf25,6.6173996925354
seg_8244bf,4.048040390014648
seg_c09a41,2.3768229484558105
seg_943de0,9.48919677734375
seg_1c849d,3.5142323970794678
seg_7bf143,2.476778268814087
seg_55a9a4,5.315094470977783
seg_f52cdc,7.73452091217041
seg_5597ed,2.329909563064575
seg_702e03,3.0535380840301514
seg_92310f,4.854915618896484
seg_d5df41,5.742300510406494
seg_e6bd3f,2.336505651473999
seg_fbce13,1.8219921588897705
seg_30501b,7.8363728523254395
seg_bcfad6,5.12744140625
seg_dbf3f2,1.8033151626586914
seg_6f3d90,4.397639751434326
seg_9a92db,4.3417768478393555
seg_a58a6e,2.325026512145996
seg_ad3cf0,2.3143177032470703
seg_af959f,7.297694683074951
seg_c9201c,1.696514368057251
seg_2d402d,2.409830331802368
seg_4dfa03,2.6034958362579346
seg_304b87,3.3917055130004883
seg_8da61a,7.439850330352783
seg_aec276,8.07398796081543
seg_845a2a,7.681064128875732
seg_a8bb2f,5.664547443389893
seg_e72f10,5.931247234344482
seg_df8e0a,7.018974781036377
seg_ce5520,2.3414716720581055
seg_64bcb9,7.690463066101074
seg_112b81,5.080877780914307
seg_3a8a76,2.1381995677948
seg_06893f,2.279759645462036
seg_00cc91,3.1286237239837646
seg_be30ce,3.7128841876983643
seg_98ebaa,8.14432430267334
seg_70be4d,9.101741790771484
seg_52636c,4.587901592254639
seg_bc07c8,1.9830539226531982
seg_83ef67,7.252984523773193
seg_d71352,8.172935485839844
seg_263deb,1.975416898727417
seg_2774c4,8.103607177734375
seg_fbddb9,7.833437442779541
seg_2dcd84,6.835977554321289
seg_57b6c0,2.5589990615844727
seg_9e61da,2.7946393489837646
seg_3a22ac,2.9974520206451416
seg_14c435,2.7165091037750244
seg_41f45e,3.843806743621826
seg_e1daa0,4.766216278076172
seg_91fc29,2.5399205684661865
seg_74b3bd,6.069085121154785
seg_83dc2e,10.205355644226074
seg_a55a17,1.8585617542266846
seg_ddd206,5.042469501495361
seg_151368,6.67214822769165
seg_53a5fd,5.352859020233154
seg_59e1db,6.0393595695495605
seg_017314,7.152937412261963
seg_335170,1.663464069366455
seg_00184e,5.014102458953857
seg_0f74a3,5.5889482498168945
seg_d27193,3.0480101108551025
seg_d2ad9a,2.666970729827881
seg_c6b514,2.6611902713775635
seg_59de0b,2.179368734359741
seg_20d9de,9.000669479370117
seg_bbb01e,6.367624282836914
seg_947700,3.4631731510162354
seg_5c57a8,1.155125379562378
seg_eee89d,4.14465856552124
seg_0d663a,7.575483322143555
seg_46b84d,5.8939337730407715
seg_91f664,2.823751926422119
seg_d16534,6.676645278930664
seg_2fe382,2.861278772354126
seg_5b392b,2.4328269958496094
seg_762188,7.9606547355651855
seg_f01368,5.272049427032471
seg_89f975,2.036471366882324
seg_3f99c8,1.9513354301452637
seg_c58ca5,4.355515003204346
seg_7211f1,3.501793146133423
seg_48a80c,2.390613317489624
seg_7c10c1,1.9689481258392334
seg_a543e5,7.080057144165039
seg_9c8bc8,2.865807056427002
seg_e8385f,8.568092346191406
seg_8dd2ab,2.8110709190368652
seg_25aa9f,7.950202465057373
seg_643f86,7.395715713500977
seg_9a1a4f,4.162176609039307
seg_74f330,2.3487741947174072
seg_dc4698,3.2793540954589844
seg_8ab3a7,2.0145394802093506
seg_06b8c9,3.2830705642700195
seg_abda04,6.3364105224609375
seg_f1f5b9,4.7599663734436035
seg_ef660a,6.431501388549805
seg_7d718e,7.893966197967529
seg_b7da0a,2.942946195602417
seg_5a0479,4.896173000335693
seg_4cb9c6,2.5030386447906494
seg_8826f4,2.273761034011841
seg_6d35cd,2.560286045074463
seg_59d484,2.684593439102173
seg_902074,6.107311248779297
seg_a00985,5.2204766273498535
seg_306756,7.275986194610596
seg_d1a8b3,2.1221230030059814
seg_5c8ae5,3.0630621910095215
seg_758ca4,2.5394339561462402
seg_7428e7,4.74776029586792
seg_2367fb,5.498245716094971
seg_836aac,2.4854822158813477
seg_65b962,2.6529152393341064
seg_30fd84,8.41716194152832
seg_e2b8b1,9.19791030883789
seg_1dec9c,8.239814758300781
seg_aa0180,2.8397457599639893
seg_56e3e7,8.843079566955566
seg_7012af,9.066831588745117
seg_78addc,7.813751697540283
seg_a436bc,7.903331756591797
seg_c81fec,2.7996714115142822
seg_70e891,3.2486484050750732
seg_f2b0c5,1.8876183032989502
seg_f71db8,5.220716953277588
seg_bce23c,5.876208782196045
seg_7a5243,4.382591247558594
seg_7a9228,1.96807861328125
seg_003339,8.32011890411377
seg_d11ca8,7.048162937164307
seg_629822,2.5632402896881104
seg_3b95d2,9.669925689697266
seg_3bc9ed,3.3788225650787354
seg_ea8270,7.701934337615967
seg_ef74dc,3.592322826385498
seg_a11dd5,2.2972116470336914
seg_691a72,4.312740325927734
seg_fd8add,5.6187286376953125
seg_168d1c,6.189112186431885
seg_486973,2.59243106842041
seg_3bfcf6,4.463999271392822
seg_fa9f00,2.867906093597412
seg_61219c,2.222705602645874
seg_b691c5,2.446971893310547
seg_3761d0,2.6919820308685303
seg_222c5f,2.440934896469116
seg_8681aa,5.586853504180908
seg_6f9a98,5.66245698928833
seg_cd2b53,1.9840521812438965
seg_25ab3f,4.960133075714111
seg_a1acb2,3.0431971549987793
seg_e86ed1,7.791513442993164
seg_939f5c,3.645082473754883
seg_7e3b3e,2.529510974884033
seg_6c292b,5.474592685699463
seg_53498a,2.598642587661743
seg_1c929e,1.8176188468933105
seg_f24292,3.3112828731536865
seg_f650cc,1.6559584140777588
seg_b0bf65,2.502243757247925
seg_4c4995,5.024720191955566
seg_070bb0,2.5246386528015137
seg_e6307f,7.123654365539551
seg_72c307,4.527844429016113
seg_a975df,3.1661205291748047
seg_b284b2,2.895458698272705
seg_14c8ce,5.256528377532959
seg_8e7fca,4.347827911376953
seg_7f5b6f,7.867918491363525
seg_7fd6b7,7.281635761260986
seg_514b85,8.514606475830078
seg_a49ccc,3.095170021057129
seg_2a2f1e,4.956287860870361
seg_d693b0,8.890607833862305
seg_2c762c,4.505130767822266
seg_a91c03,6.5837626457214355
seg_f618a8,7.176658630371094
seg_cf74e8,2.0155959129333496
seg_570a20,3.202141761779785
seg_a5dea6,9.816540718078613
seg_389906,5.80631685256958
seg_4e3bd7,0.6846863031387329
seg_83cb2c,2.442314386367798
seg_0eb333,2.475191831588745
seg_5a1adb,4.089312553405762
seg_05a1b0,2.6001980304718018
seg_5d333e,8.178658485412598
seg_aa7a4b,5.259267330169678
seg_77df38,6.124449253082275
seg_9a9041,6.494838714599609
seg_55d50b,3.401425361633301
seg_1562cb,7.862926006317139
seg_6d4fa6,3.233029842376709
seg_42e7e8,2.8192451000213623
seg_e8ac98,2.699054002761841
seg_e65e69,2.5529441833496094
seg_d56ae2,7.2077107429504395
seg_2018c8,7.996928691864014
seg_b47c19,5.657249927520752
seg_ce472b,6.984097957611084
seg_8328f5,2.850478410720825
seg_00be11,2.4935600757598877
seg_3b95dc,2.2300024032592773
seg_d7f015,5.154130458831787
seg_89791c,3.516334056854248
seg_79dc90,6.1738972663879395
seg_a3d4d6,2.5473222732543945
seg_268249,2.895308256149292
seg_7bec10,8.028051376342773
seg_117278,2.6429049968719482
seg_ca6d70,2.772073745727539
seg_bb171f,7.651471138000488
seg_4ae37c,5.4138689041137695
seg_47fed6,6.1917338371276855
seg_9f12c6,3.410645008087158
seg_8cdf83,3.067885398864746
seg_c5256d,3.245948314666748
seg_9e3837,1.7611308097839355
seg_33c30d,2.483128070831299
seg_c550b1,8.12028980255127
seg_1fa983,3.345180034637451
seg_9e962b,4.908850193023682
seg_c90be5,8.089229583740234
seg_eb692c,8.652936935424805
seg_3d1f2e,3.985027313232422
seg_b2b331,2.843876838684082
seg_263fb3,2.048938512802124
seg_c3507f,4.70603084564209
seg_b00f05,6.995467185974121
seg_004f1f,3.100614070892334
seg_c4af54,2.4100847244262695
seg_ec73d5,2.41049861907959
seg_f88d4a,3.171762704849243
seg_3631ec,2.1199278831481934
seg_b25dde,1.32265043258667
seg_b7a8a1,5.073124885559082
seg_35ee83,2.3216793537139893
seg_c15d21,7.268137454986572
seg_fcb7d0,8.111822128295898
seg_05e0d7,2.5008115768432617
seg_e6b236,5.68630838394165
seg_d9bb68,6.473044395446777
seg_adf94a,2.111530303955078
seg_b7eeb6,6.73980188369751
seg_9d2528,4.491154670715332
seg_5a947e,2.0032429695129395
seg_b0cf32,10.32482624053955
seg_0e3d44,1.1409847736358643
seg_827804,2.90860652923584
seg_c0c0ed,3.4757392406463623
seg_e5fbc1,1.7875425815582275
seg_20cc25,1.787184476852417
seg_d5dbc1,2.4015872478485107
seg_7cdfe5,2.0907838344573975
seg_ec4645,5.050419330596924
seg_a704ee,4.931676387786865
seg_f30b2f,3.9659557342529297
seg_301c1e,5.019680023193359
seg_23bdf9,4.189993381500244
seg_f48363,2.695354461669922
seg_2916e3,7.379734516143799
seg_eb2e11,2.9623472690582275
seg_b0a794,3.0567333698272705
seg_d1eee8,9.28823184967041
seg_614b50,1.3415963649749756
seg_17adc0,3.4043970108032227
seg_dc23c0,8.667773246765137
seg_3661de,10.010183334350586
seg_0d762e,5.791812419891357
seg_79c47a,2.7303662300109863
seg_fcca66,2.980172872543335
seg_fe86f5,5.39040470123291
seg_cacd58,4.164005756378174
seg_8324a4,5.496860980987549
seg_bd40f2,9.065017700195312
seg_75dc3e,3.114978075027466
seg_8bf229,4.016601085662842
seg_53a557,2.7517318725585938
seg_51865e,3.0675976276397705
seg_89885a,2.7644057273864746
seg_93d864,5.093649387359619
seg_2ed79b,3.8446156978607178
seg_27db4d,6.845187187194824
seg_13c2f0,3.6780636310577393
seg_b36650,2.118514060974121
seg_d9190c,3.14420485496521
seg_a5d37f,3.0289361476898193
seg_75a878,3.965306282043457
seg_b9ad7f,5.107641696929932
seg_fc57d4,1.9043219089508057
seg_8200d2,1.9921479225158691
seg_2fb672,7.044051647186279
seg_521a88,8.563789367675781
seg_da80c4,6.7083563804626465
seg_8d5113,2.902952194213867
seg_c21723,2.846059560775757
seg_eb47a9,1.8445580005645752
seg_ea78c0,5.891963481903076
seg_c7a401,3.7647924423217773
seg_8f6284,2.179917097091675
seg_786ff6,5.95391845703125
seg_225320,8.899219512939453
seg_55a0c3,4.566981792449951
seg_e20d76,4.731906890869141
seg_0ba585,2.363229274749756
seg_23c947,2.592952013015747
seg_74d58a,7.5662150382995605
seg_170684,7.671741008758545
seg_32f3a9,4.252049922943115
seg_db3a95,4.195756435394287
seg_a12acb,3.029935359954834
seg_a6eed3,1.9923348426818848
seg_f342a3,2.841611623764038
seg_eb7595,2.6801674365997314
seg_b21273,3.962268829345703
seg_23b123,8.482213020324707
seg_2bf9dd,7.489258766174316
seg_a61e1c,4.274953842163086
seg_c6f0a2,3.423809051513672
seg_90ec68,8.378811836242676
seg_d29a4b,4.4711503982543945
seg_434c96,2.2861735820770264
seg_cedf3e,6.764671802520752
seg_4ddddc,4.966841220855713
seg_6a26de,2.0015971660614014
seg_32c904,9.271492004394531
seg_bd629b,2.296267509460449
seg_7f9b3a,3.7316746711730957
seg_c42952,3.4124999046325684
seg_b41d3c,3.106651782989502
seg_32ad0f,8.102171897888184
seg_3788c5,9.029424667358398
seg_e8bcde,3.8721203804016113
seg_2f8f6d,8.515356063842773
seg_2c69e4,6.622416019439697
seg_007a37,3.452646255493164
seg_95b321,3.053056240081787
seg_02042f,2.7832345962524414
seg_6dd0fc,3.5559234619140625
seg_a7561c,1.4626235961914062
seg_e8ad6b,2.9195501804351807
seg_84fc12,8.279930114746094
seg_78ded2,2.707775831222534
seg_5c1a4d,2.668741226196289
seg_e1a9e0,10.148449897766113
seg_6167f0,3.2629151344299316
seg_355717,3.350905656814575
seg_0d833c,6.586613655090332
seg_9aa6e2,2.3561458587646484
seg_e405fe,2.3156702518463135
seg_c7b424,7.783982753753662
seg_73b0f7,7.059128284454346
seg_903aba,7.802570343017578
seg_18f853,4.080000400543213
seg_585872,6.692777156829834
seg_734a88,7.672492504119873
seg_d36737,3.1439273357391357
seg_1c904f,3.078681468963623
seg_9802c3,4.465362548828125
seg_63c983,2.3801400661468506
seg_74537f,3.738499641418457
seg_98f624,8.364974975585938
seg_d1a281,4.023695468902588
seg_eacccf,2.7833120822906494
seg_a80f6f,4.478278636932373
seg_48feba,2.6551644802093506
seg_0e3739,2.9006924629211426
seg_aeeb31,1.638596534729004
seg_ba4ea3,8.187908172607422
seg_aed434,4.600386619567871
seg_e3d751,0.3114096522331238
seg_bc1d67,7.490134239196777
seg_85c1c0,2.0574800968170166
seg_398a25,3.8756823539733887
seg_37bf85,2.7981793880462646
seg_c10a58,5.890944004058838
seg_a0a423,2.499521255493164
seg_74ffde,4.5532989501953125
seg_29e799,4.957239627838135
seg_b9ec4b,2.8911750316619873
seg_d0598e,3.1018922328948975
seg_e96140,2.616109609603882
seg_a55540,10.077197074890137
seg_a9f80e,4.994142532348633
seg_326eb7,2.0919439792633057
seg_e3dafa,9.608261108398438
seg_2bf5be,7.630569934844971
seg_b52710,3.4502663612365723
seg_df99d4,2.3687565326690674
seg_318135,2.100216865539551
seg_3c3ddf,2.7751803398132324
seg_76b76f,8.069164276123047
seg_c60f1d,2.2338027954101562
seg_37669c,5.990454196929932
seg_a1a511,0.5860999226570129
seg_bd4d30,4.600647449493408
seg_eb7f91,4.215163230895996
seg_fdba93,3.0872440338134766
seg_ef9105,8.214313507080078
seg_369570,4.166403293609619
seg_e1f045,5.047994136810303
seg_ab70bd,4.689184665679932
seg_76e914,3.7294068336486816
seg_b853f8,4.2991251945495605
seg_7b0936,9.082297325134277
seg_4c12b2,1.017582654953003
seg_a69246,9.893560409545898
seg_b917b5,5.321848392486572
seg_6de4fd,8.817522048950195
seg_2b4959,3.458533525466919
seg_3fdae0,5.607888698577881
seg_0c12cc,5.284590244293213
seg_0e9bb3,5.622864246368408
seg_ced992,2.5774409770965576
seg_92092a,5.012820243835449
seg_500108,3.6300175189971924
seg_853302,8.332716941833496
seg_aae025,7.495063781738281
seg_fb9b2e,6.0416083335876465
seg_2cdbe3,2.349278688430786
seg_b5a447,5.1540632247924805
seg_0fca83,1.807664394378662
seg_8f592b,7.960195064544678
seg_4848e3,4.5152363777160645
seg_31d810,6.6574273109436035
seg_a41c2c,4.496243000030518
seg_ff4236,2.760608673095703
seg_6b536d,3.8124871253967285
seg_311b5e,2.2415452003479004
seg_660fe1,1.687720775604248
seg_82303e,3.168626070022583
seg_766e42,2.0942609310150146
seg_2c6011,3.8920061588287354
seg_b13220,2.8757100105285645
seg_902bc1,6.64896297454834
seg_b50239,2.3944897651672363
seg_596ae3,5.277205944061279
seg_63c9a3,4.569383144378662
seg_b687fc,2.4110286235809326
seg_122ba9,2.9315621852874756
seg_d5d3a1,3.0687599182128906
seg_9b0439,3.984388589859009
seg_9a6025,5.305671691894531
seg_1ece48,1.796433925628662
seg_185ad6,7.012004852294922
seg_739fb0,2.0684890747070312
seg_fdc1d4,2.7318220138549805
seg_7480f4,8.873305320739746
seg_0fc67a,8.030404090881348
seg_655780,1.8595876693725586
seg_fe70c0,5.146640777587891
seg_ba941e,5.079783916473389
seg_f0cedb,7.820847988128662
seg_f0db55,1.6606166362762451
seg_66b7c3,6.335259914398193
seg_e256bd,3.6778321266174316
seg_87f6c8,7.470090389251709
seg_4db886,7.923229694366455
seg_1eae76,2.994267702102661
seg_cf0e43,5.248775959014893
seg_f455bc,9.403225898742676
seg_b9365c,2.4007792472839355
seg_f1b916,3.3420803546905518
seg_9ad261,3.280590057373047
seg_30da11,1.796365737915039
seg_c20a27,4.495296001434326
seg_f0ce4a,2.5768163204193115
seg_1a0eca,5.842334270477295
seg_ab9654,8.328719139099121
seg_00030f,5.355967044830322
seg_4401d8,6.111958026885986
seg_a8ddf7,1.4468488693237305
seg_d740b2,8.926178932189941
seg_9825e0,5.3348870277404785
seg_293dbf,2.613607883453369
seg_f97274,2.9016494750976562
seg_69a230,2.2875518798828125
seg_f4ad4b,2.9230940341949463
seg_660fef,4.643023490905762
seg_70b375,5.437800884246826
seg_1b1ad8,3.674569606781006
seg_f003ca,6.460300922393799
seg_d4dec8,5.773771286010742
seg_259c63,2.086387872695923
seg_45838b,4.764652252197266
seg_d6ea73,2.6746678352355957
seg_8353f5,7.764056205749512
seg_4adeda,8.152674674987793
seg_eb0b19,7.514353275299072
seg_2f5695,1.984076976776123
seg_b6c10d,5.335778713226318
seg_141f34,9.508045196533203
seg_ddbadc,7.242722511291504
seg_666056,3.0701420307159424
seg_1db8e8,7.660001277923584
seg_cc7a19,2.5187084674835205
seg_16c3a7,3.5707855224609375
seg_d9b162,4.903303623199463
seg_b9bdd7,3.152416229248047
seg_2a6343,7.267853260040283
seg_184222,2.5982353687286377
seg_4d53c2,9.595169067382812
seg_fde86d,4.736219882965088
seg_bcf2d9,3.2445478439331055
seg_f6828d,2.1888620853424072
seg_c627fc,6.8051838874816895
seg_c87c24,4.17689323425293
seg_c17817,2.387484550476074
seg_914a62,2.067446231842041
seg_fea3e2,8.191004753112793
seg_53caf1,6.075278282165527
seg_d62e9c,2.3248822689056396
seg_8dfd7a,1.5684564113616943
seg_2ee95c,8.503084182739258
seg_fc407c,4.437099456787109
seg_d3bb14,2.3516685962677
seg_ea0091,3.1840333938598633
seg_9e7dff,3.793534755706787
seg_f383fb,4.063994884490967
seg_f95fd3,7.0159382820129395
seg_0cb81b,3.142982244491577
seg_247262,3.8214025497436523
seg_c3f8d7,3.305663824081421
seg_327ed4,1.6665725708007812
seg_518b1e,2.1031439304351807
seg_96dab2,6.361546993255615
seg_b52add,9.125346183776855
seg_397dc9,8.339488983154297
seg_c5c455,0.8192392587661743
seg_dc1cf0,8.025604248046875
seg_507065,4.886160850524902
seg_075340,2.5337061882019043
seg_8a3306,2.5711028575897217
seg_d39131,7.5704264640808105
seg_01a8dc,3.1653759479522705
seg_7ddc30,8.388144493103027
seg_988e69,2.3183515071868896
seg_484901,2.890129566192627
seg_47a48f,7.751183986663818
seg_ca2d1b,2.495224714279175
seg_121cba,2.4952735900878906
seg_5fe414,2.911864995956421
seg_ea05c1,5.522676944732666
seg_ebd77b,8.492926597595215
seg_b23489,2.8105556964874268
seg_e7d3e7,6.939932346343994
seg_86892f,2.0520269870758057
seg_af1650,2.9610743522644043
seg_a93a88,7.878002166748047
seg_b6254c,2.2127764225006104
seg_b08e9d,9.403115272521973
seg_1d11e5,2.407879590988159
seg_280e3b,4.739408493041992
seg_411225,2.14728045463562
seg_89b090,1.9556875228881836
seg_739679,2.542466878890991
seg_c11828,2.403806686401367
seg_162fc4,5.2733988761901855
seg_0b9ba3,8.090899467468262
seg_1bd38e,7.67863130569458
seg_cf5764,7.504674911499023
seg_00648a,2.7290120124816895
seg_bf58ce,6.175714492797852
seg_983778,9.026507377624512
seg_529be4,2.6828157901763916
seg_aba501,2.846447706222534
seg_a88097,8.034313201904297
seg_ed3e4c,6.333334445953369
seg_45e7ad,2.403275489807129
seg_e53a52,3.4288172721862793
seg_d328bb,2.496408224105835
seg_075f77,2.5844173431396484
seg_4f5931,8.51221752166748
seg_9d6ff0,2.509321689605713
seg_c25855,9.622796058654785
seg_fa0ac7,4.061226844787598
seg_7020c5,6.353034496307373
seg_5c0929,2.5842244625091553
seg_8456d3,2.6366195678710938
seg_0e7cc5,5.108217239379883
seg_84b9d9,3.4883241653442383
seg_bdae02,8.06958293914795
seg_6a45a0,2.7082667350769043
seg_1ac9e2,2.527177572250366
seg_324537,2.732059955596924
seg_6e12ae,3.7837960720062256
seg_d6b546,6.229673862457275
seg_64dcf0,5.874026775360107
seg_69a53e,4.017781734466553
seg_38ee24,2.6293692588806152
seg_82d7b6,2.9593448638916016
seg_8c6e34,3.0159223079681396
seg_fb00b3,9.330924034118652
seg_d516e3,6.69285774230957
seg_1afa29,2.9724888801574707
seg_6c309f,3.1560511589050293
seg_9b44d2,8.336359977722168
seg_7120ac,5.080413341522217
seg_d44589,2.1726248264312744
seg_4435bd,2.59627628326416
seg_17067e,4.047588348388672
seg_5ec0e3,6.687611103057861
seg_e60719,8.46978759765625
seg_264c7d,7.140114784240723
seg_92a5f1,2.7122411727905273
seg_10f3a6,1.8613312244415283
seg_79e301,3.295137643814087
seg_40f810,4.53019905090332
seg_586c0f,3.2730143070220947
seg_15adff,3.0001654624938965
seg_229eda,4.998110771179199
seg_37f3fb,2.6196913719177246
seg_4d18f4,2.3876450061798096
seg_8e5704,7.856327056884766
seg_6e572a,2.614921808242798
seg_0e8b79,8.913336753845215
seg_266805,2.931088924407959
seg_c565bd,3.091891050338745
seg_a009e6,5.125518798828125
seg_da7c3b,7.901569843292236
seg_bd31bf,3.76196551322937
seg_3a80c5,4.116052627563477
seg_37608b,4.570120334625244
seg_257b8a,4.775643348693848
seg_753ba6,1.7761826515197754
seg_89eed6,2.3302979469299316
seg_c7a3bc,2.4005215167999268
seg_f0d278,2.6758310794830322
seg_19b9dd,4.557504177093506
seg_12ee6e,3.386533498764038
seg_316f86,2.510115146636963
seg_0c89ce,3.3281614780426025
seg_2efd5c,7.198315143585205
seg_66820a,3.428178310394287
seg_0144cb,3.640549659729004
seg_65ef95,3.0019173622131348
seg_913ffc,3.1953821182250977
seg_85e90e,7.471435546875
seg_383f2e,6.767847061157227
seg_9d452d,3.0604538917541504
seg_376908,1.0150327682495117
seg_8c6d4e,4.471267223358154
seg_ca407b,3.2258760929107666
seg_854d91,7.886409759521484
seg_1a8f0d,2.476684331893921
seg_ee2781,9.043611526489258
seg_476bdb,3.1006054878234863
seg_c23429,3.6432182788848877
seg_d8014d,3.6543073654174805
seg_c9f80a,2.542973518371582
seg_0a97c4,3.746164321899414
seg_1010ad,4.905580520629883
seg_ab2a78,2.1692075729370117
seg_d1045e,10.0616455078125
seg_91607c,2.825485944747925
seg_c5abaa,7.226776599884033
seg_d4ea17,5.3093390464782715
seg_de3237,7.630784511566162
seg_07f37c,2.673410177230835
seg_26edaa,8.54886245727539
seg_e29670,3.0552937984466553
seg_651808,2.480781078338623
seg_679dd2,6.334707736968994
seg_c6c29f,2.8035829067230225
seg_8b798b,7.89614725112915
seg_c106ca,3.1429381370544434
seg_29022f,2.6583364009857178
seg_cfed24,2.2141036987304688
seg_392019,3.6168758869171143
seg_25e76d,2.586440324783325
seg_acf2f4,7.063192844390869
seg_8f1127,2.4316484928131104
seg_762be4,2.9150753021240234
seg_31ddc5,7.80511999130249
seg_123dd4,7.149116039276123
seg_a6959c,6.724177837371826
seg_4ca6de,6.396720886230469
seg_f46cc1,2.7920165061950684
seg_afd665,4.247907638549805
seg_1b78af,2.429274082183838
seg_db6d5f,5.442579746246338
seg_f7d792,2.0702016353607178
seg_9c2843,1.96250581741333
seg_91cff2,2.221404790878296
seg_d68930,8.258382797241211
seg_46dd7c,1.9173591136932373
seg_c472cf,7.519397258758545
seg_c47bdc,7.930405139923096
seg_b88baa,5.784307956695557
seg_8cf573,4.620133876800537
seg_07f8df,2.8089394569396973
seg_30ad2a,1.8115649223327637
seg_bf7224,2.8208234310150146
seg_9df32d,2.951209545135498
seg_a86a05,6.4133219718933105
seg_f8db0a,2.6984105110168457
seg_30207d,7.380948543548584
seg_a18246,4.471193313598633
seg_50a667,1.7029366493225098
seg_c9e533,6.511031627655029
seg_e40d64,5.899572372436523
seg_dcf242,3.845503330230713
seg_2d3828,3.744230270385742
seg_325790,3.287234306335449
seg_f99b64,5.443813800811768
seg_abeca6,9.774359703063965
seg_9fc7c2,2.1044700145721436
seg_5b7325,4.596884250640869
seg_274a1a,4.70529317855835
seg_279725,9.231470108032227
seg_99f677,4.940438747406006
seg_3f3689,3.0646653175354004
seg_6422d1,5.0970540046691895
seg_b57e76,4.436220645904541
seg_72859b,2.4627997875213623
seg_d1b91e,4.839812278747559
seg_2ba79a,2.1259617805480957
seg_2883ec,6.847245693206787
seg_43597f,4.0209197998046875
seg_8a41bf,3.2124428749084473
seg_0e1370,2.0675063133239746
seg_98c0b6,2.1201441287994385
seg_feb312,6.106835842132568
seg_e71dda,3.615250587463379
seg_f1a771,1.6251368522644043
seg_04a696,6.498982906341553
seg_6696d0,2.528341770172119
seg_d30a9d,1.678072214126587
seg_c666dd,4.176816463470459
seg_60277f,2.8537943363189697
seg_f229bf,4.310033798217773
seg_04cceb,7.314291477203369
seg_c0e1b9,3.1355984210968018
seg_41aadc,5.50541353225708
seg_bff05e,8.372304916381836
seg_4c8db6,8.114331245422363
seg_130e17,2.236937999725342
seg_54af0d,2.747354507446289
seg_6074f9,2.924147844314575
seg_8cd159,2.549666166305542
seg_a3ab46,2.3990464210510254
seg_06bbc5,3.7916970252990723
seg_d2a533,5.105035305023193
seg_cc2c46,4.4242987632751465
seg_9e8323,2.4883720874786377
seg_cf1371,2.3002350330352783
seg_d56d32,6.463753700256348
seg_a35e7c,7.982051372528076
seg_8f4781,2.9109437465667725
seg_148698,4.293118000030518
seg_1a791c,2.6432647705078125
seg_f6b70c,6.3863420486450195
seg_76f3f2,8.121196746826172
seg_c5325c,8.812058448791504
seg_d356ab,2.926243543624878
seg_b20487,9.060759544372559
seg_0cf651,1.9200589656829834
seg_16a270,6.045269012451172
seg_b9619c,3.0010647773742676
seg_9d1dbe,8.218066215515137
seg_2cadc0,5.012199878692627
seg_e3e762,6.670993328094482
seg_f8dd7e,4.783807754516602
seg_f0181d,2.3364133834838867
seg_a80123,3.6749989986419678
seg_2313d1,2.9862892627716064
seg_7bb771,4.179213523864746
seg_970b35,3.052452802658081
seg_046c28,2.920029401779175
seg_fbff25,2.6118128299713135
seg_0f8961,7.037738800048828
seg_a50d28,8.971053123474121
seg_7cb417,4.855444431304932
seg_e64dfa,5.60989236831665
seg_3db0a8,3.437896966934204
seg_dceeca,2.8107714653015137
seg_c747b4,2.3772804737091064
seg_73858d,8.367900848388672
seg_238242,5.4499101638793945
seg_2e88dd,3.972534418106079
seg_2c5e9f,5.854029655456543
seg_3865bc,2.3886873722076416
seg_de98fa,2.6820590496063232
seg_3aca44,1.9809484481811523
seg_922914,4.2500481605529785
seg_9a8a1f,2.1072216033935547
seg_826208,3.9287261962890625
seg_6c909f,2.2851505279541016
seg_b4cb44,8.000492095947266
seg_fc8fd6,2.1000239849090576
seg_8a6b0e,2.691596031188965
seg_a133bc,3.0998833179473877
seg_331f2b,7.478357315063477
seg_71b975,2.9685170650482178
seg_b69455,8.53438949584961
seg_0c9aa8,9.078436851501465
seg_d60d18,2.8575754165649414
seg_65f01e,8.947663307189941
seg_77db7b,9.250151634216309
seg_beb650,5.156350135803223
seg_4dbbd1,4.05587100982666
seg_490d6e,5.29384183883667
seg_19ec5c,9.649175643920898
seg_c183e4,3.114470958709717
seg_419b2a,7.454129695892334
seg_45a8a9,2.976543664932251
seg_06d4a2,2.587698459625244
seg_b66b87,2.408668279647827
seg_dbc615,3.257596015930176
seg_5e541f,1.6424176692962646
seg_95357d,3.654226779937744
seg_abb03a,3.5793821811676025
seg_ce00bb,3.2428321838378906
seg_d32f8a,2.8616647720336914
seg_915b3e,2.4473624229431152
seg_440106,8.760151863098145
seg_922990,3.374377965927124
seg_59058a,2.443011522293091
seg_5eb380,2.6574809551239014
seg_1d044c,4.885169982910156
seg_6b3a9d,2.3346076011657715
seg_b95010,2.65849232673645
seg_3af649,3.5632007122039795
seg_1abcaf,3.4403867721557617
seg_ee4479,3.256302833557129
seg_f6c928,6.398922920227051
seg_76106f,9.044917106628418
seg_e24496,6.873229503631592
seg_05f126,8.21434497833252
seg_6f2222,1.9615352153778076
seg_ccdc28,1.7038354873657227
seg_7ef97b,2.19223952293396
seg_94a133,5.299281597137451
seg_e14149,5.3011298179626465
seg_f61b0e,4.203803539276123
seg_c01a57,2.1604156494140625
seg_b568c6,4.979069232940674
seg_d702b2,7.798681735992432
seg_7fd3a3,2.8696043491363525
seg_195eda,4.792190074920654
seg_53fa13,2.2296998500823975
seg_0c3943,2.857645273208618
seg_0488a1,6.285773277282715
seg_e1f081,7.014883995056152
seg_8a8220,3.930015802383423
seg_b8b72f,3.1504392623901367
seg_2a8351,2.230242967605591
seg_6ab188,6.286342620849609
seg_72f40a,8.291520118713379
seg_f96d0e,2.2711451053619385
seg_19e1ff,3.880467653274536
seg_efbf3e,4.975517749786377
seg_82456a,0.760761022567749
seg_07fc6d,5.566816806793213
seg_158764,4.556970596313477
seg_5887a8,8.451165199279785
seg_343571,4.8152875900268555
seg_7c88d1,2.5219640731811523
seg_85e9c6,6.768002033233643
seg_1baf33,2.2645206451416016
seg_beda44,3.0737240314483643
seg_d0c8e2,2.7906858921051025
seg_f056d8,2.259263038635254
seg_ed07b0,2.4770712852478027
seg_9940e8,10.171490669250488
seg_457234,10.1587495803833
seg_e13bd8,2.798891544342041
seg_ff1a62,8.089546203613281
seg_e98217,2.6665091514587402
seg_e52f8c,4.611238956451416
seg_b0d251,4.654367446899414
seg_ebb79f,4.210402965545654
seg_66ed4d,2.2395803928375244
seg_3706be,6.716186046600342
seg_0620e6,5.928972244262695
seg_e5750a,9.521148681640625
seg_4db997,2.4966471195220947
seg_cc096e,9.657552719116211
seg_04fd93,4.448650360107422
seg_c522f8,6.77014684677124
seg_fe2aac,2.4911506175994873
seg_b87cf5,7.026987075805664
seg_4743ab,7.459887981414795
seg_35b009,2.141345500946045
seg_17e596,6.948498249053955
seg_cd2b34,5.138666152954102
seg_50e270,7.114854335784912
seg_96db5e,4.654487133026123
seg_1201e8,2.283046245574951
seg_afadfb,5.888612747192383
seg_77fe77,3.9362025260925293
seg_46012e,6.689047336578369
seg_f741af,3.2069592475891113
seg_a9b957,2.6946284770965576
seg_8ebdea,7.215626239776611
seg_49fdf0,7.877676010131836
seg_055127,3.4434139728546143
seg_f60872,5.241338729858398
seg_14ad27,2.209120512008667
seg_a31d6e,5.824499130249023
seg_0df75c,8.080470085144043
seg_0981f3,2.3181087970733643
seg_d7a805,6.588345050811768
seg_578e84,7.6740899085998535
seg_ad759c,1.6702110767364502
seg_ba98dc,2.1255595684051514
seg_78852d,4.959196090698242
seg_0cdcc8,2.1461799144744873
seg_1eeb8f,3.3428263664245605
seg_f11620,3.7930893898010254
seg_cd352f,8.959883689880371
seg_a06228,3.9066967964172363
seg_bfdd14,0.7580881118774414
seg_8472f3,9.739349365234375
seg_73ab4a,2.454071044921875
seg_4a6096,2.138530969619751
seg_5255c0,7.134174346923828
seg_80fb86,4.4189019203186035
seg_a802fa,7.7418904304504395
seg_4b4c91,6.819983005523682
seg_979a8f,1.9381968975067139
seg_966f3d,3.0604565143585205
seg_b89e47,2.0460739135742188
seg_9c090f,2.8221850395202637
seg_592807,4.641419410705566
seg_919a6a,1.4769034385681152
seg_447972,2.9448630809783936
seg_2e50fb,1.630023717880249
seg_0ba210,9.26305866241455
seg_455b16,2.3290653228759766
seg_af703b,8.397202491760254
seg_d962cc,8.851461410522461
seg_f2cb5e,2.2115554809570312
seg_0445d7,5.037621021270752
seg_bb180c,2.9876303672790527
seg_e92526,2.4773197174072266
seg_41be18,6.846191883087158
seg_59eb97,3.749011516571045
seg_c588c1,10.050333976745605
seg_ad82ca,4.918552398681641
seg_a39fa8,9.32785415649414
seg_9e8ca4,7.228130340576172
seg_a45455,3.8225278854370117
seg_827a21,3.062307357788086
seg_232559,7.149020671844482
seg_355d19,7.561192989349365
seg_8bc20c,1.1330621242523193
seg_6eb146,7.406959533691406
seg_c179f8,3.0942046642303467
seg_d27812,4.969695568084717
seg_c62a06,2.980626106262207
seg_46a42b,2.477170944213867
seg_96fa35,2.839109420776367
seg_3fc7ca,7.906232833862305
seg_4fa87d,8.045145034790039
seg_9f7542,7.945018768310547
seg_f5d2dd,7.614090442657471
seg_7f3ab0,2.6469027996063232
seg_43383f,4.120117664337158
seg_4a91a9,1.995927095413208
seg_4d7c56,2.5015320777893066
seg_42648c,2.315782070159912
seg_659ff8,3.293823719024658
seg_6edcb8,2.9168334007263184
seg_137f8a,7.268171310424805
seg_74fcfc,7.992917537689209
seg_920132,8.19472885131836
seg_3b7175,2.828320264816284
seg_b947ae,3.284168243408203
seg_ae9761,8.268885612487793
seg_98a819,4.789485931396484
seg_75e93c,2.371199607849121
seg_9c3d6a,7.4067254066467285
seg_2ea616,3.5534565448760986
seg_21faa9,9.344046592712402
seg_48a4b3,5.356790065765381
seg_850d95,2.780583381652832
seg_be0dfa,6.358905792236328
seg_8866f0,2.1967294216156006
seg_f34877,4.920011520385742
seg_19515c,3.1660311222076416
seg_461b63,2.9500200748443604
seg_cdf88e,2.483224868774414
seg_bf4ec0,4.922250270843506
seg_cacd0a,2.452352523803711
seg_e4f203,5.656623363494873
seg_94ecad,8.813689231872559
seg_495573,8.495095252990723
seg_03f380,1.8677027225494385
seg_4eeaef,2.1704912185668945
seg_c047b7,3.713571071624756
seg_ba9dbf,2.624903678894043
seg_8f5589,5.758097171783447
seg_3cfb73,7.37505578994751
seg_da21ee,8.837637901306152
seg_832a4d,2.7032113075256348
seg_1815fe,6.660354137420654
seg_725e84,4.68031120300293
seg_98c544,3.386073350906372
seg_5f7fd9,2.319284200668335
seg_0e1fbe,2.528411626815796
seg_91f512,2.144576072692871
seg_60b696,3.763138771057129
seg_c571ef,5.754572868347168
seg_a173d8,3.8636844158172607
seg_ae3d92,2.6672191619873047
seg_121446,5.96403694152832
seg_ab644e,4.2122392654418945
seg_dc73b8,1.6357879638671875
seg_1db443,4.698605060577393
seg_baa745,5.604860782623291
seg_67599b,5.5318098068237305
seg_fbd66b,3.668529748916626
seg_cd43b4,7.166891098022461
seg_3d19fc,3.213015079498291
seg_4e627b,2.8867106437683105
seg_566efe,8.399345397949219
seg_a7d0eb,3.196995496749878
seg_945bc8,2.558866262435913
seg_e3ca24,5.714455604553223
seg_158691,3.602059841156006
seg_31a51f,2.0771775245666504
seg_138807,2.8941969871520996
seg_0d04b9,4.376405715942383
seg_90b174,0.9045990109443665
seg_7a9f2b,0.6079974174499512
seg_82316b,2.4187731742858887
seg_a4ad7c,7.774943828582764
seg_2642d0,3.0101664066314697
seg_dcb51d,2.4802117347717285
seg_6d4109,6.327202796936035
seg_695380,2.160297155380249
seg_9a1c76,2.929868459701538
seg_724df9,0.21952755749225616
seg_59818b,6.183990955352783
seg_be65f2,1.8156375885009766
seg_ef27c8,2.190382480621338
seg_d1a2b9,2.36374831199646
seg_d7f53a,2.8756117820739746
seg_8ce632,1.8584539890289307
seg_e15cb9,6.504741668701172
seg_be0cdc,2.121272087097168
seg_19b08e,1.860016107559204
seg_e24f69,2.4317638874053955
seg_8e6a3f,4.483088970184326
seg_c60dca,3.1783108711242676
seg_db606c,5.4185590744018555
seg_eefd4a,1.7948036193847656
seg_8aeb99,7.747980117797852
seg_aa508a,2.476248025894165
seg_2f1664,5.394501686096191
seg_cea185,5.059370040893555
seg_2099f4,2.6100709438323975
seg_ee8f87,3.3729405403137207
seg_83f928,7.91575813293457
seg_6e98aa,2.797898292541504
seg_04b87a,6.267521381378174
seg_2005a7,2.9364404678344727
seg_29c772,3.346489667892456
seg_289d99,2.4982895851135254
seg_1144bc,8.682116508483887
seg_dcee28,4.304541110992432
seg_c35940,3.1101887226104736
seg_56e6f1,2.3993494510650635
seg_8773cf,2.0062122344970703
seg_4ea81c,2.4206929206848145
seg_13e25f,4.564599990844727
seg_b77bf5,9.581647872924805
seg_759fb1,4.413620471954346
seg_2d5544,2.3672499656677246
seg_266c6e,4.277647018432617
seg_597bd6,4.81324577331543
seg_90e904,2.4702281951904297
seg_950048,5.310486793518066
seg_421da1,5.066290378570557
seg_0c1d3a,3.2639880180358887
seg_63582a,8.220528602600098
seg_c7a579,4.8546013832092285
seg_83bef8,3.8183112144470215
seg_7a521c,3.5013372898101807
seg_140bc5,2.0835154056549072
seg_60dacd,8.494561195373535
seg_5e1bba,4.1881937980651855
seg_0c4e31,2.267772674560547
seg_e00465,7.818058967590332
seg_a5934a,8.480621337890625
seg_bbbc30,2.767751455307007
seg_9bab11,9.428811073303223
seg_e80726,4.055379867553711
seg_425462,3.3450467586517334
seg_8bec6f,4.266899585723877
seg_7cbb45,2.3820104598999023
seg_420bcc,3.4716057777404785
seg_a9a820,2.8931050300598145
seg_739856,7.799318790435791
seg_b78883,9.707637786865234
seg_ff79d9,2.5794553756713867
seg_e5deec,2.449713706970215
seg_974049,2.482450485229492
seg_a674d2,5.912036895751953
seg_fb4c26,3.495523452758789
seg_529c99,3.3773114681243896
seg_18fb65,1.4087660312652588
seg_e8a4f4,5.516232013702393
seg_10a595,4.037493705749512
seg_45e062,7.79388952255249
seg_81bebd,5.922473907470703
seg_d6b198,3.332221269607544
seg_8c1760,6.400002956390381
seg_4c65e6,8.148699760437012
seg_d78093,2.675292730331421
seg_464839,4.7364325523376465
seg_6da1ff,5.233913421630859
seg_70991d,2.7134616374969482
seg_17799c,4.830683708190918
seg_a2986f,6.697987079620361
seg_753190,6.190171241760254
seg_e9a09f,1.7645206451416016
seg_25b38a,6.589782238006592
seg_3151ff,3.184356212615967
seg_7ed2dd,2.6498401165008545
seg_6fc8b3,5.334475517272949
seg_c08d36,3.428278684616089
seg_24ba8d,3.3356058597564697
seg_2b6d52,7.769935131072998
seg_5407b0,2.2625229358673096
seg_361f5a,8.013415336608887
seg_fbe3c2,3.7826051712036133
seg_1bf7b3,2.698413372039795
seg_211299,4.152537822723389
seg_31064b,2.552581548690796
seg_8d3a9d,7.644079208374023
seg_848695,2.3094587326049805
seg_9dea8d,7.556919097900391
seg_87232d,5.858222007751465
seg_6d01a3,5.960671901702881
seg_827c07,2.150960683822632
seg_7d17eb,9.281128883361816
seg_6ac67a,2.321495771408081
seg_30b043,2.802093505859375
seg_c23641,3.4834086894989014
seg_9e25e9,2.52958083152771
seg_e7d1f8,1.900456190109253
seg_f6e89f,7.05983829498291
seg_09f0ff,2.8948733806610107
seg_26a2a0,0.4655721187591553
seg_477c83,3.27301025390625
seg_c1fe9a,2.240846633911133
seg_d6dad6,6.579484939575195
seg_ee1cfc,2.5615665912628174
seg_bd6f5f,8.155181884765625
seg_f77ee5,9.536639213562012
seg_4a2525,7.95596981048584
seg_2eddf6,7.260404109954834
seg_72858d,1.781529188156128
seg_d14524,3.9072089195251465
seg_c07b7c,3.060528516769409
seg_5759c9,5.78720235824585
seg_b91ae2,2.3352224826812744
seg_77bf79,2.3139240741729736
seg_29d4c6,7.925611972808838
seg_738be6,3.9306046962738037
seg_4743fa,9.736909866333008
seg_ee4ae5,1.8700401782989502
seg_24c1c9,3.1575164794921875
seg_161aeb,6.320288181304932
seg_153d6a,8.287586212158203
seg_4b0839,2.6195197105407715
seg_633651,3.2257473468780518
seg_29a073,3.280362129211426
seg_d47aba,2.3279995918273926
seg_593c34,2.344254493713379
seg_e051bc,3.251983404159546
seg_210388,4.11157751083374
seg_75211e,4.327748775482178
seg_00a37e,2.3430395126342773
seg_288001,2.499504804611206
seg_1a671a,2.473696231842041
seg_49322d,6.860134601593018
seg_5a67b5,5.735841274261475
seg_c01f63,6.774477005004883
seg_e76e6e,2.6347975730895996
seg_77dbe7,2.6433804035186768
seg_049957,8.498764038085938
seg_b8bb87,8.5618314743042
seg_715e2c,4.01327657699585
seg_45e4ed,2.4631712436676025
seg_ce9f59,1.8304202556610107
seg_4d0041,5.548794746398926
seg_b782c7,7.056984901428223
seg_0b07c7,3.603135347366333
seg_f639ec,5.2688212394714355
seg_4729a7,2.619325637817383
seg_bc2186,4.3031816482543945
seg_5b8c39,2.705325126647949
seg_0a42ba,7.731893062591553
seg_115617,3.2984676361083984
seg_8c1cca,2.875385046005249
seg_91eaeb,3.498605728149414
seg_e8d02f,2.3261709213256836
seg_18d307,2.016845941543579
seg_ecf81b,7.037254810333252
seg_032822,2.434360980987549
seg_8f3247,7.469075679779053
seg_0d434c,7.739442348480225
seg_b2b29d,6.899864673614502
seg_5e70a7,8.136000633239746
seg_a4208a,4.340456008911133
seg_4a719c,3.6089704036712646
seg_a84c13,2.1517257690429688
seg_0870ab,2.6178250312805176
seg_e85f55,1.4046392440795898
seg_dc188b,3.3749754428863525
seg_3cbccf,3.2200937271118164
seg_42ff14,7.212101459503174
seg_5639b3,3.934805393218994
seg_0fd3ff,3.1113014221191406
seg_4fce5b,2.026557207107544
seg_17d1ff,3.1273698806762695
seg_268625,2.674945592880249
seg_8515fd,3.9162306785583496
seg_d7967e,7.749672889709473
seg_324447,6.1595540046691895
seg_74dda9,4.817830562591553
seg_696621,3.462451457977295
seg_3234ca,2.165306568145752
seg_a87e79,2.760826349258423
seg_4ab7bf,9.305206298828125
seg_e34052,3.2385053634643555
seg_1d980f,2.203998327255249
seg_a2fd8b,3.109203815460205
seg_dd4594,3.432135581970215
seg_c703be,5.345327854156494
seg_6df48e,7.357183456420898
seg_bff392,2.0833933353424072
seg_311499,3.3851587772369385
seg_423ebe,2.523557186126709
seg_337b8c,2.577702045440674
seg_460436,6.691123962402344
seg_b853c1,6.821443557739258
seg_b54024,1.9924805164337158
seg_f57ca1,9.189650535583496
seg_9122aa,2.869396209716797
seg_be19e2,5.608079433441162
seg_eba22d,6.475221633911133
seg_51f0a2,3.114834785461426
seg_2396a2,2.7157912254333496
seg_093a0a,6.995682716369629
seg_bce305,3.2649338245391846
seg_3a1600,2.0937211513519287
seg_b03de5,9.868694305419922
seg_1e677e,3.5512290000915527
seg_b44c2e,5.944944381713867
seg_fd9ac1,2.8054354190826416
seg_80622d,6.201530456542969
seg_d9d0e4,4.791904926300049
seg_de4e1d,2.899965524673462
seg_8fb0d0,4.321815490722656
seg_53e645,4.4162187576293945
seg_04ee93,5.87802791595459
seg_8f4654,3.744572639465332
seg_23323e,3.011706829071045
seg_f7050a,2.499744176864624
seg_4587bb,6.265666961669922
seg_6a05e7,2.642906665802002
seg_d1fbb8,8.794647216796875
seg_5e0902,2.340769052505493
seg_71936f,2.89831280708313
seg_5f355e,6.367623329162598
seg_6d6fad,2.609884023666382
seg_94d573,6.938047885894775
seg_407b2b,3.6812398433685303
seg_5147e1,4.151791572570801
seg_cbcce9,4.521495342254639
seg_2f9336,4.614145755767822
seg_f2750c,4.137280464172363
seg_868c85,4.172853946685791
seg_29475f,3.899862766265869
seg_68a484,8.475499153137207
seg_e4f403,2.0876176357269287
seg_6fb17f,4.6249775886535645
seg_75e669,2.148677349090576
seg_b80358,6.876607418060303
seg_0968f1,5.2794671058654785
seg_49b0cb,8.173150062561035
seg_ea4d3a,8.547586441040039
seg_8be2da,5.704712390899658
seg_2597af,2.8784124851226807
seg_f6bae8,5.200033187866211
seg_9d1b26,4.229186534881592
seg_d91492,6.975040912628174
seg_8a8375,5.645675182342529
seg_ba83da,3.1089673042297363
seg_8f25b0,8.263772010803223
seg_74235f,2.860259532928467
seg_be62ef,5.756735324859619
seg_8d6a7d,2.254004955291748
seg_adf986,5.004177570343018
seg_718b53,2.1390392780303955
seg_e742dc,7.607449531555176
seg_0df469,3.039984703063965
seg_fbf17a,7.418815612792969
seg_5c530f,2.671391487121582
seg_3452b2,2.964120864868164
seg_abaad2,7.0169148445129395
seg_ea9fa4,8.048577308654785
seg_d78e7d,1.7020432949066162
seg_05f9d6,4.8428120613098145
seg_7e9eb7,9.764971733093262
seg_a14212,2.6956610679626465
seg_93f935,1.8845605850219727
seg_24c078,4.046069622039795
seg_ffbd6a,1.885960340499878
seg_acd715,9.193245887756348
seg_27f532,7.296040058135986
seg_6153ca,9.794543266296387
seg_9caf50,8.451114654541016
seg_f11f77,3.6254324913024902
seg_2b2cb3,4.858123779296875
seg_92bd37,3.4957895278930664
seg_b1fea8,2.9906747341156006
seg_3f5be6,3.0268712043762207
seg_89e207,4.474361896514893
seg_db694a,5.349404335021973
seg_9c3ef8,5.345519542694092
seg_bcf6af,7.348538875579834
seg_eea20e,7.983832836151123
seg_cb806c,2.7327136993408203
seg_e3cf1a,4.013840198516846
seg_cdadb5,6.4595842361450195
seg_447cb3,8.23962116241455
seg_9cb464,2.748053550720215
seg_e47d2b,2.9830620288848877
seg_304df5,8.132763862609863
seg_bc437b,7.400089740753174
seg_4280d9,9.576262474060059
seg_62331a,2.6020114421844482
seg_d4c763,6.36159086227417
seg_e49750,3.8566107749938965
seg_259d65,2.35569429397583
seg_419531,7.124612331390381
seg_ddddf0,2.248037576675415
seg_523945,3.598644971847534
seg_db4185,2.831836700439453
seg_115a92,2.061068296432495
seg_fa4df0,3.5642244815826416
seg_3adb1a,3.9898388385772705
seg_3d6e79,4.522083282470703
seg_0a1bd0,5.961482524871826
seg_d3992e,9.053577423095703
seg_68102c,8.220966339111328
seg_8310ea,5.926473140716553
seg_1f1e60,7.785186767578125
seg_40b3aa,2.281569719314575
seg_d1ca05,8.584547996520996
seg_ade769,4.696939468383789
seg_4d8f0f,2.47747802734375
seg_c80857,0.44882047176361084
seg_06d7ba,2.694096803665161
seg_2465ce,4.8928961753845215
seg_07c815,2.543689250946045
seg_3bf9ac,1.8484950065612793
seg_490092,7.769381523132324
seg_a05c22,1.8302202224731445
seg_bd5022,1.9262845516204834
seg_d2551a,9.785950660705566
seg_946d9a,2.20469331741333
seg_a247ac,8.0724458694458
seg_ca88e3,8.387869834899902
seg_2e64af,2.1506600379943848
seg_dcbe02,2.970076322555542
seg_077b7e,3.091090202331543
seg_266d4e,3.7042741775512695
seg_e6e1df,4.128782749176025
seg_1cb942,7.86268949508667
seg_661629,2.6244301795959473
seg_0c8502,7.877554893493652
seg_29c906,2.255432605743408
seg_687a5c,2.4291632175445557
seg_4ad5a2,3.4317870140075684
seg_f3063a,3.9916341304779053
seg_03d386,1.627195119857788
seg_7d65c7,6.652717590332031
seg_9485c0,3.838111400604248
seg_ba1d68,2.0709872245788574
seg_462c1d,7.631921768188477
seg_f80e44,3.222806692123413
seg_35269b,9.917144775390625
seg_cc2e9b,2.8040499687194824
seg_a8685e,4.98661470413208
seg_cd699e,2.725302219390869
seg_a86231,3.661494731903076
seg_31b808,4.41642427444458
seg_ada81a,8.267868995666504
seg_6e12ee,3.753974199295044
seg_b35174,0.6929734349250793
seg_75438e,4.461504936218262
seg_2dfb91,2.2410993576049805
seg_ebec3e,2.5362563133239746
seg_e067ab,7.001439094543457
seg_eccb17,1.880957841873169
seg_9a7d1d,2.242840528488159
seg_d247da,5.819664001464844
seg_cecd29,4.304793357849121
seg_bca500,3.857548475265503
seg_5d45db,4.4584150314331055
seg_c509ff,3.8565330505371094
seg_23efb0,2.867713689804077
seg_211486,7.815600872039795
seg_58d52d,9.543474197387695
seg_d83890,2.4650661945343018
seg_e86e44,3.2181577682495117
seg_570d69,7.704731464385986
seg_28fc32,5.179581165313721
seg_6681ee,1.8934524059295654
seg_ddc800,7.688023090362549
seg_813aab,2.960556983947754
seg_ead30e,2.4974536895751953
seg_18096a,5.249616622924805
seg_3b7724,8.216299057006836
seg_814b1f,2.1601808071136475
seg_d2cb02,4.6087541580200195
seg_b4402d,8.193464279174805
seg_de225c,8.926204681396484
seg_78fc4b,3.9338512420654297
seg_692e7a,6.558260440826416
seg_e25aca,3.800233840942383
seg_5c9077,5.299523830413818
seg_39300d,2.5261001586914062
seg_3878d0,1.9953129291534424
seg_0125d9,4.6672892570495605
